座席ID,スクリーンID,列,座席番号,ブロック,通路側,車イス席,座席ランク
T01-A-01,1,A,1,左,False,False,前方
T01-A-02,1,A,2,左,False,False,前方
T01-A-03,1,A,3,左,False,False,前方
T01-A-04,1,A,4,左,True,False,前方
T01-A-07,1,A,7,中央,True,False,前方
T01-A-08,1,A,8,中央,False,False,前方
T01-A-09,1,A,9,中央,False,False,前方
T01-A-10,1,A,10,中央,False,False,前方
T01-A-11,1,A,11,中央,False,False,前方
T01-A-12,1,A,12,中央,False,False,前方
T01-A-13,1,A,13,中央,False,False,前方
T01-A-14,1,A,14,中央,False,False,前方
T01-A-15,1,A,15,中央,False,False,前方
T01-A-16,1,A,16,中央,False,False,前方
T01-A-17,1,A,17,中央,False,False,前方
T01-A-18,1,A,18,中央,False,False,前方
T01-A-19,1,A,19,中央,False,False,前方
T01-A-20,1,A,20,中央,True,False,前方
T01-A-23,1,A,23,右,True,False,前方
T01-A-24,1,A,24,右,False,False,前方
T01-A-25,1,A,25,右,False,False,前方
T01-A-26,1,A,26,右,False,False,前方
T01-B-01,1,B,1,左,False,False,前方
T01-B-02,1,B,2,左,False,False,前方
T01-B-03,1,B,3,左,False,False,前方
T01-B-04,1,B,4,左,True,False,前方
T01-B-07,1,B,7,中央,True,False,前方
T01-B-08,1,B,8,中央,False,False,前方
T01-B-09,1,B,9,中央,False,False,前方
T01-B-10,1,B,10,中央,False,False,前方
T01-B-11,1,B,11,中央,False,False,前方
T01-B-12,1,B,12,中央,False,False,前方
T01-B-13,1,B,13,中央,False,False,前方
T01-B-14,1,B,14,中央,False,False,前方
T01-B-15,1,B,15,中央,False,False,前方
T01-B-16,1,B,16,中央,False,False,前方
T01-B-17,1,B,17,中央,False,False,前方
T01-B-18,1,B,18,中央,False,False,前方
T01-B-19,1,B,19,中央,False,False,前方
T01-B-20,1,B,20,中央,True,False,前方
T01-B-23,1,B,23,右,True,False,前方
T01-B-24,1,B,24,右,False,False,前方
T01-B-25,1,B,25,右,False,False,前方
T01-B-26,1,B,26,右,False,False,前方
T01-C-01,1,C,1,左,False,False,スタンダード
T01-C-02,1,C,2,左,False,False,スタンダード
T01-C-03,1,C,3,左,False,False,スタンダード
T01-C-04,1,C,4,左,True,False,スタンダード
T01-C-07,1,C,7,中央,True,False,スタンダード
T01-C-08,1,C,8,中央,False,False,スタンダード
T01-C-09,1,C,9,中央,False,False,スタンダード
T01-C-10,1,C,10,中央,False,False,スタンダード
T01-C-11,1,C,11,中央,False,False,スタンダード
T01-C-12,1,C,12,中央,False,False,スタンダード
T01-C-13,1,C,13,中央,False,False,スタンダード
T01-C-14,1,C,14,中央,False,False,スタンダード
T01-C-15,1,C,15,中央,False,False,スタンダード
T01-C-16,1,C,16,中央,False,False,スタンダード
T01-C-17,1,C,17,中央,False,False,スタンダード
T01-C-18,1,C,18,中央,False,False,スタンダード
T01-C-19,1,C,19,中央,False,False,スタンダード
T01-C-20,1,C,20,中央,True,False,スタンダード
T01-C-23,1,C,23,右,True,False,スタンダード
T01-C-24,1,C,24,右,False,False,スタンダード
T01-C-25,1,C,25,右,False,False,スタンダード
T01-C-26,1,C,26,右,False,False,スタンダード
T01-D-01,1,D,1,左,False,False,スタンダード
T01-D-02,1,D,2,左,False,False,スタンダード
T01-D-03,1,D,3,左,False,False,スタンダード
T01-D-04,1,D,4,左,True,False,スタンダード
T01-D-07,1,D,7,中央,True,False,スタンダード
T01-D-08,1,D,8,中央,False,False,スタンダード
T01-D-09,1,D,9,中央,False,False,スタンダード
T01-D-10,1,D,10,中央,False,False,スタンダード
T01-D-11,1,D,11,中央,False,False,スタンダード
T01-D-12,1,D,12,中央,False,False,スタンダード
T01-D-13,1,D,13,中央,False,False,スタンダード
T01-D-14,1,D,14,中央,False,False,スタンダード
T01-D-15,1,D,15,中央,False,False,スタンダード
T01-D-16,1,D,16,中央,False,False,スタンダード
T01-D-17,1,D,17,中央,False,False,スタンダード
T01-D-18,1,D,18,中央,False,False,スタンダード
T01-D-19,1,D,19,中央,False,False,スタンダード
T01-D-20,1,D,20,中央,True,False,スタンダード
T01-D-23,1,D,23,右,True,False,スタンダード
T01-D-24,1,D,24,右,False,False,スタンダード
T01-D-25,1,D,25,右,False,False,スタンダード
T01-D-26,1,D,26,右,False,False,スタンダード
T01-E-01,1,E,1,左,False,False,スタンダード
T01-E-02,1,E,2,左,False,False,スタンダード
T01-E-03,1,E,3,左,False,False,スタンダード
T01-E-04,1,E,4,左,True,False,スタンダード
T01-E-07,1,E,7,中央,True,False,スタンダード
T01-E-08,1,E,8,中央,False,False,スタンダード
T01-E-09,1,E,9,中央,False,False,スタンダード
T01-E-10,1,E,10,中央,False,False,スタンダード
T01-E-11,1,E,11,中央,False,False,スタンダード
T01-E-12,1,E,12,中央,False,False,スタンダード
T01-E-13,1,E,13,中央,False,False,スタンダード
T01-E-14,1,E,14,中央,False,False,スタンダード
T01-E-15,1,E,15,中央,False,False,スタンダード
T01-E-16,1,E,16,中央,False,False,スタンダード
T01-E-17,1,E,17,中央,False,False,スタンダード
T01-E-18,1,E,18,中央,False,False,スタンダード
T01-E-19,1,E,19,中央,False,False,スタンダード
T01-E-20,1,E,20,中央,True,False,スタンダード
T01-E-23,1,E,23,右,True,False,スタンダード
T01-E-24,1,E,24,右,False,False,スタンダード
T01-E-25,1,E,25,右,False,False,スタンダード
T01-E-26,1,E,26,右,False,False,スタンダード
T01-F-01,1,F,1,左,False,False,スタンダード
T01-F-02,1,F,2,左,False,False,スタンダード
T01-F-03,1,F,3,左,False,False,スタンダード
T01-F-04,1,F,4,左,True,False,スタンダード
T01-F-07,1,F,7,中央,True,False,プレミアム
T01-F-08,1,F,8,中央,False,False,プレミアム
T01-F-09,1,F,9,中央,False,False,プレミアム
T01-F-10,1,F,10,中央,False,False,プレミアム
T01-F-11,1,F,11,中央,False,False,プレミアム
T01-F-12,1,F,12,中央,False,False,プレミアム
T01-F-13,1,F,13,中央,False,False,プレミアム
T01-F-14,1,F,14,中央,False,False,プレミアム
T01-F-15,1,F,15,中央,False,False,プレミアム
T01-F-16,1,F,16,中央,False,False,プレミアム
T01-F-17,1,F,17,中央,False,False,プレミアム
T01-F-18,1,F,18,中央,False,False,プレミアム
T01-F-19,1,F,19,中央,False,False,プレミアム
T01-F-20,1,F,20,中央,True,False,プレミアム
T01-F-23,1,F,23,右,True,False,スタンダード
T01-F-24,1,F,24,右,False,False,スタンダード
T01-F-25,1,F,25,右,False,False,スタンダード
T01-F-26,1,F,26,右,False,False,スタンダード
T01-G-01,1,G,1,左,False,False,スタンダード
T01-G-02,1,G,2,左,False,False,スタンダード
T01-G-03,1,G,3,左,False,False,スタンダード
T01-G-04,1,G,4,左,True,False,スタンダード
T01-G-08,1,G,8,中央,True,True,プレミアム
T01-G-09,1,G,9,中央,False,False,プレミアム
T01-G-10,1,G,10,中央,False,False,プレミアム
T01-G-11,1,G,11,中央,False,False,プレミアム
T01-G-12,1,G,12,中央,False,False,プレミアム
T01-G-13,1,G,13,中央,False,False,プレミアム
T01-G-14,1,G,14,中央,False,False,プレミアム
T01-G-15,1,G,15,中央,False,False,プレミアム
T01-G-16,1,G,16,中央,False,False,プレミアム
T01-G-17,1,G,17,中央,False,False,プレミアム
T01-G-18,1,G,18,中央,False,False,プレミアム
T01-G-19,1,G,19,中央,True,True,プレミアム
T01-G-23,1,G,23,右,True,False,スタンダード
T01-G-24,1,G,24,右,False,False,スタンダード
T01-H-01,1,H,1,左,False,False,スタンダード
T01-H-02,1,H,2,左,False,False,スタンダード
T01-H-03,1,H,3,左,False,False,スタンダード
T01-H-04,1,H,4,左,True,False,スタンダード
T01-H-07,1,H,7,中央,True,False,プレミアム
T01-H-08,1,H,8,中央,False,False,プレミアム
T01-H-09,1,H,9,中央,False,False,プレミアム
T01-H-10,1,H,10,中央,False,False,プレミアム
T01-H-11,1,H,11,中央,False,False,プレミアム
T01-H-12,1,H,12,中央,False,False,プレミアム
T01-H-13,1,H,13,中央,False,False,プレミアム
T01-H-14,1,H,14,中央,False,False,プレミアム
T01-H-15,1,H,15,中央,False,False,プレミアム
T01-H-16,1,H,16,中央,False,False,プレミアム
T01-H-17,1,H,17,中央,False,False,プレミアム
T01-H-18,1,H,18,中央,False,False,プレミアム
T01-H-19,1,H,19,中央,False,False,プレミアム
T01-H-20,1,H,20,中央,True,False,プレミアム
T01-H-23,1,H,23,右,True,False,スタンダード
T01-H-24,1,H,24,右,False,False,スタンダード
T01-I-01,1,I,1,左,False,False,スタンダード
T01-I-02,1,I,2,左,False,False,スタンダード
T01-I-03,1,I,3,左,False,False,スタンダード
T01-I-04,1,I,4,左,True,False,スタンダード
T01-I-07,1,I,7,中央,True,False,プレミアム
T01-I-08,1,I,8,中央,False,False,プレミアム
T01-I-09,1,I,9,中央,False,False,プレミアム
T01-I-10,1,I,10,中央,False,False,プレミアム
T01-I-11,1,I,11,中央,False,False,プレミアム
T01-I-12,1,I,12,中央,False,False,プレミアム
T01-I-13,1,I,13,中央,False,False,プレミアム
T01-I-14,1,I,14,中央,False,False,プレミアム
T01-I-15,1,I,15,中央,False,False,プレミアム
T01-I-16,1,I,16,中央,False,False,プレミアム
T01-I-17,1,I,17,中央,False,False,プレミアム
T01-I-18,1,I,18,中央,False,False,プレミアム
T01-I-19,1,I,19,中央,False,False,プレミアム
T01-I-20,1,I,20,中央,True,False,プレミアム
T01-I-23,1,I,23,右,True,False,スタンダード
T01-I-24,1,I,24,右,False,False,スタンダード
T01-J-01,1,J,1,左,False,False,スタンダード
T01-J-02,1,J,2,左,False,False,スタンダード
T01-J-03,1,J,3,左,False,False,スタンダード
T01-J-04,1,J,4,左,True,False,スタンダード
T01-J-07,1,J,7,中央,True,False,プレミアム
T01-J-08,1,J,8,中央,False,False,プレミアム
T01-J-09,1,J,9,中央,False,False,プレミアム
T01-J-10,1,J,10,中央,False,False,プレミアム
T01-J-11,1,J,11,中央,False,False,プレミアム
T01-J-12,1,J,12,中央,False,False,プレミアム
T01-J-13,1,J,13,中央,False,False,プレミアム
T01-J-14,1,J,14,中央,False,False,プレミアム
T01-J-15,1,J,15,中央,False,False,プレミアム
T01-J-16,1,J,16,中央,False,False,プレミアム
T01-J-17,1,J,17,中央,False,False,プレミアム
T01-J-18,1,J,18,中央,False,False,プレミアム
T01-J-19,1,J,19,中央,False,False,プレミアム
T01-J-20,1,J,20,中央,True,False,プレミアム
T01-J-23,1,J,23,右,True,False,スタンダード
T01-J-24,1,J,24,右,False,False,スタンダード
T01-K-01,1,K,1,左,False,False,スタンダード
T01-K-02,1,K,2,左,False,False,スタンダード
T01-K-03,1,K,3,左,False,False,スタンダード
T01-K-04,1,K,4,左,True,False,スタンダード
T01-K-07,1,K,7,中央,True,False,プレミアム
T01-K-08,1,K,8,中央,False,False,プレミアム
T01-K-09,1,K,9,中央,False,False,プレミアム
T01-K-10,1,K,10,中央,False,False,プレミアム
T01-K-11,1,K,11,中央,False,False,プレミアム
T01-K-12,1,K,12,中央,False,False,プレミアム
T01-K-13,1,K,13,中央,False,False,プレミアム
T01-K-14,1,K,14,中央,False,False,プレミアム
T01-K-15,1,K,15,中央,False,False,プレミアム
T01-K-16,1,K,16,中央,False,False,プレミアム
T01-K-17,1,K,17,中央,False,False,プレミアム
T01-K-18,1,K,18,中央,False,False,プレミアム
T01-K-19,1,K,19,中央,False,False,プレミアム
T01-K-20,1,K,20,中央,True,False,プレミアム
T01-K-23,1,K,23,右,True,False,スタンダード
T01-K-24,1,K,24,右,False,False,スタンダード
T01-L-01,1,L,1,左,False,False,スタンダード
T01-L-02,1,L,2,左,False,False,スタンダード
T01-L-03,1,L,3,左,False,False,スタンダード
T01-L-04,1,L,4,左,True,False,スタンダード
T01-L-07,1,L,7,中央,True,False,プレミアム
T01-L-08,1,L,8,中央,False,False,プレミアム
T01-L-09,1,L,9,中央,False,False,プレミアム
T01-L-10,1,L,10,中央,False,False,プレミアム
T01-L-11,1,L,11,中央,False,False,プレミアム
T01-L-12,1,L,12,中央,False,False,プレミアム
T01-L-13,1,L,13,中央,False,False,プレミアム
T01-L-14,1,L,14,中央,False,False,プレミアム
T01-L-15,1,L,15,中央,False,False,プレミアム
T01-L-16,1,L,16,中央,False,False,プレミアム
T01-L-17,1,L,17,中央,False,False,プレミアム
T01-L-18,1,L,18,中央,False,False,プレミアム
T01-L-19,1,L,19,中央,False,False,プレミアム
T01-L-20,1,L,20,中央,True,False,プレミアム
T01-L-23,1,L,23,右,True,False,スタンダード
T01-L-24,1,L,24,右,False,False,スタンダード
T01-M-01,1,M,1,左,False,False,スタンダード
T01-M-02,1,M,2,左,False,False,スタンダード
T01-M-03,1,M,3,左,False,False,スタンダード
T01-M-04,1,M,4,左,True,False,スタンダード
T01-M-07,1,M,7,中央,True,False,プレミアム
T01-M-08,1,M,8,中央,False,False,プレミアム
T01-M-09,1,M,9,中央,False,False,プレミアム
T01-M-10,1,M,10,中央,False,False,プレミアム
T01-M-11,1,M,11,中央,False,False,プレミアム
T01-M-12,1,M,12,中央,False,False,プレミアム
T01-M-13,1,M,13,中央,False,False,プレミアム
T01-M-14,1,M,14,中央,False,False,プレミアム
T01-M-15,1,M,15,中央,False,False,プレミアム
T01-M-16,1,M,16,中央,False,False,プレミアム
T01-M-17,1,M,17,中央,False,False,プレミアム
T01-M-18,1,M,18,中央,False,False,プレミアム
T01-M-19,1,M,19,中央,False,False,プレミアム
T01-M-20,1,M,20,中央,True,False,プレミアム
T01-M-23,1,M,23,右,True,False,スタンダード
T01-M-24,1,M,24,右,False,False,スタンダード
T01-M-25,1,M,25,右,False,False,スタンダード
T01-M-26,1,M,26,右,False,False,スタンダード
T01-N-01,1,N,1,左,False,False,スタンダード
T01-N-02,1,N,2,左,False,False,スタンダード
T01-N-03,1,N,3,左,False,False,スタンダード
T01-N-04,1,N,4,左,True,False,スタンダード
T01-N-07,1,N,7,中央,True,False,プレミアム
T01-N-08,1,N,8,中央,False,False,プレミアム
T01-N-09,1,N,9,中央,False,False,プレミアム
T01-N-10,1,N,10,中央,False,False,プレミアム
T01-N-11,1,N,11,中央,False,False,プレミアム
T01-N-12,1,N,12,中央,False,False,プレミアム
T01-N-13,1,N,13,中央,False,False,プレミアム
T01-N-14,1,N,14,中央,False,False,プレミアム
T01-N-15,1,N,15,中央,False,False,プレミアム
T01-N-16,1,N,16,中央,False,False,プレミアム
T01-N-17,1,N,17,中央,False,False,プレミアム
T01-N-18,1,N,18,中央,False,False,プレミアム
T01-N-19,1,N,19,中央,False,False,プレミアム
T01-N-20,1,N,20,中央,True,False,プレミアム
T01-N-23,1,N,23,右,True,False,スタンダード
T01-N-24,1,N,24,右,False,False,スタンダード
T01-N-25,1,N,25,右,False,False,スタンダード
T01-N-26,1,N,26,右,False,False,スタンダード
T01-O-01,1,O,1,左,False,False,スタンダード
T01-O-02,1,O,2,左,False,False,スタンダード
T01-O-03,1,O,3,左,False,False,スタンダード
T01-O-04,1,O,4,左,False,False,スタンダード
T01-O-05,1,O,5,左,False,False,スタンダード
T01-O-06,1,O,6,左,True,False,スタンダード
T01-O-07,1,O,7,中央,True,False,プレミアム
T01-O-08,1,O,8,中央,False,False,プレミアム
T01-O-09,1,O,9,中央,False,False,プレミアム
T01-O-10,1,O,10,中央,False,False,プレミアム
T01-O-11,1,O,11,中央,False,False,プレミアム
T01-O-12,1,O,12,中央,False,False,プレミアム
T01-O-13,1,O,13,中央,False,False,プレミアム
T01-O-14,1,O,14,中央,False,False,プレミアム
T01-O-15,1,O,15,中央,False,False,プレミアム
T01-O-16,1,O,16,中央,False,False,プレミアム
T01-O-17,1,O,17,中央,False,False,プレミアム
T01-O-18,1,O,18,中央,False,False,プレミアム
T01-O-19,1,O,19,中央,False,False,プレミアム
T01-O-20,1,O,20,中央,True,False,プレミアム
T01-O-21,1,O,21,右,True,False,スタンダード
T01-O-22,1,O,22,右,False,False,スタンダード
T01-O-23,1,O,23,右,False,False,スタンダード
T01-O-24,1,O,24,右,False,False,スタンダード
T01-O-25,1,O,25,右,False,False,スタンダード
T01-O-26,1,O,26,右,False,False,スタンダード
T02-A-01,2,A,1,左,False,False,前方
T02-A-02,2,A,2,左,False,False,前方
T02-A-03,2,A,3,左,False,False,前方
T02-A-04,2,A,4,左,True,False,前方
T02-A-07,2,A,7,中央,True,False,前方
T02-A-08,2,A,8,中央,False,False,前方
T02-A-09,2,A,9,中央,False,False,前方
T02-A-10,2,A,10,中央,False,False,前方
T02-A-11,2,A,11,中央,False,False,前方
T02-A-12,2,A,12,中央,False,False,前方
T02-A-13,2,A,13,中央,False,False,前方
T02-A-14,2,A,14,中央,False,False,前方
T02-A-15,2,A,15,中央,False,False,前方
T02-A-16,2,A,16,中央,False,False,前方
T02-A-17,2,A,17,中央,False,False,前方
T02-A-18,2,A,18,中央,True,False,前方
T02-A-21,2,A,21,右,True,False,前方
T02-A-22,2,A,22,右,False,False,前方
T02-A-23,2,A,23,右,False,False,前方
T02-A-24,2,A,24,右,False,False,前方
T02-B-01,2,B,1,左,False,False,前方
T02-B-02,2,B,2,左,False,False,前方
T02-B-03,2,B,3,左,False,False,前方
T02-B-04,2,B,4,左,True,False,前方
T02-B-07,2,B,7,中央,True,False,前方
T02-B-08,2,B,8,中央,False,False,前方
T02-B-09,2,B,9,中央,False,False,前方
T02-B-10,2,B,10,中央,False,False,前方
T02-B-11,2,B,11,中央,False,False,前方
T02-B-12,2,B,12,中央,False,False,前方
T02-B-13,2,B,13,中央,False,False,前方
T02-B-14,2,B,14,中央,False,False,前方
T02-B-15,2,B,15,中央,False,False,前方
T02-B-16,2,B,16,中央,False,False,前方
T02-B-17,2,B,17,中央,False,False,前方
T02-B-18,2,B,18,中央,True,False,前方
T02-B-21,2,B,21,右,True,False,前方
T02-B-22,2,B,22,右,False,False,前方
T02-B-23,2,B,23,右,False,False,前方
T02-B-24,2,B,24,右,False,False,前方
T02-C-01,2,C,1,左,False,False,スタンダード
T02-C-02,2,C,2,左,False,False,スタンダード
T02-C-03,2,C,3,左,False,False,スタンダード
T02-C-04,2,C,4,左,True,False,スタンダード
T02-C-07,2,C,7,中央,True,False,スタンダード
T02-C-08,2,C,8,中央,False,False,スタンダード
T02-C-09,2,C,9,中央,False,False,スタンダード
T02-C-10,2,C,10,中央,False,False,スタンダード
T02-C-11,2,C,11,中央,False,False,スタンダード
T02-C-12,2,C,12,中央,False,False,スタンダード
T02-C-13,2,C,13,中央,False,False,スタンダード
T02-C-14,2,C,14,中央,False,False,スタンダード
T02-C-15,2,C,15,中央,False,False,スタンダード
T02-C-16,2,C,16,中央,False,False,スタンダード
T02-C-17,2,C,17,中央,False,False,スタンダード
T02-C-18,2,C,18,中央,True,False,スタンダード
T02-C-21,2,C,21,右,True,False,スタンダード
T02-C-22,2,C,22,右,False,False,スタンダード
T02-C-23,2,C,23,右,False,False,スタンダード
T02-C-24,2,C,24,右,False,False,スタンダード
T02-D-03,2,D,3,左,False,False,スタンダード
T02-D-04,2,D,4,左,True,False,スタンダード
T02-D-07,2,D,7,中央,True,True,スタンダード
T02-D-08,2,D,8,中央,False,False,スタンダード
T02-D-09,2,D,9,中央,False,False,スタンダード
T02-D-10,2,D,10,中央,False,False,スタンダード
T02-D-11,2,D,11,中央,False,False,スタンダード
T02-D-12,2,D,12,中央,False,False,スタンダード
T02-D-13,2,D,13,中央,False,False,スタンダード
T02-D-14,2,D,14,中央,False,False,スタンダード
T02-D-15,2,D,15,中央,False,False,スタンダード
T02-D-16,2,D,16,中央,False,False,スタンダード
T02-D-17,2,D,17,中央,True,True,スタンダード
T02-D-21,2,D,21,右,True,False,スタンダード
T02-D-22,2,D,22,右,False,False,スタンダード
T02-D-23,2,D,23,右,False,False,スタンダード
T02-D-24,2,D,24,右,False,False,スタンダード
T02-E-03,2,E,3,左,False,False,スタンダード
T02-E-04,2,E,4,左,True,False,スタンダード
T02-E-07,2,E,7,中央,True,False,プレミアム
T02-E-08,2,E,8,中央,False,False,プレミアム
T02-E-09,2,E,9,中央,False,False,プレミアム
T02-E-10,2,E,10,中央,False,False,プレミアム
T02-E-11,2,E,11,中央,False,False,プレミアム
T02-E-12,2,E,12,中央,False,False,プレミアム
T02-E-13,2,E,13,中央,False,False,プレミアム
T02-E-14,2,E,14,中央,False,False,プレミアム
T02-E-15,2,E,15,中央,False,False,プレミアム
T02-E-16,2,E,16,中央,False,False,プレミアム
T02-E-17,2,E,17,中央,False,False,プレミアム
T02-E-18,2,E,18,中央,True,False,プレミアム
T02-E-21,2,E,21,右,True,False,スタンダード
T02-E-22,2,E,22,右,False,False,スタンダード
T02-E-23,2,E,23,右,False,False,スタンダード
T02-E-24,2,E,24,右,False,False,スタンダード
T02-F-03,2,F,3,左,False,False,スタンダード
T02-F-04,2,F,4,左,True,False,スタンダード
T02-F-07,2,F,7,中央,True,False,プレミアム
T02-F-08,2,F,8,中央,False,False,プレミアム
T02-F-09,2,F,9,中央,False,False,プレミアム
T02-F-10,2,F,10,中央,False,False,プレミアム
T02-F-11,2,F,11,中央,False,False,プレミアム
T02-F-12,2,F,12,中央,False,False,プレミアム
T02-F-13,2,F,13,中央,False,False,プレミアム
T02-F-14,2,F,14,中央,False,False,プレミアム
T02-F-15,2,F,15,中央,False,False,プレミアム
T02-F-16,2,F,16,中央,False,False,プレミアム
T02-F-17,2,F,17,中央,False,False,プレミアム
T02-F-18,2,F,18,中央,True,False,プレミアム
T02-F-21,2,F,21,右,True,False,スタンダード
T02-F-22,2,F,22,右,False,False,スタンダード
T02-F-23,2,F,23,右,False,False,スタンダード
T02-F-24,2,F,24,右,False,False,スタンダード
T02-G-03,2,G,3,左,False,False,スタンダード
T02-G-04,2,G,4,左,True,False,スタンダード
T02-G-07,2,G,7,中央,True,False,プレミアム
T02-G-08,2,G,8,中央,False,False,プレミアム
T02-G-09,2,G,9,中央,False,False,プレミアム
T02-G-10,2,G,10,中央,False,False,プレミアム
T02-G-11,2,G,11,中央,False,False,プレミアム
T02-G-12,2,G,12,中央,False,False,プレミアム
T02-G-13,2,G,13,中央,False,False,プレミアム
T02-G-14,2,G,14,中央,False,False,プレミアム
T02-G-15,2,G,15,中央,False,False,プレミアム
T02-G-16,2,G,16,中央,False,False,プレミアム
T02-G-17,2,G,17,中央,False,False,プレミアム
T02-G-18,2,G,18,中央,True,False,プレミアム
T02-G-21,2,G,21,右,True,False,スタンダード
T02-G-22,2,G,22,右,False,False,スタンダード
T02-G-23,2,G,23,右,False,False,スタンダード
T02-G-24,2,G,24,右,False,False,スタンダード
T02-H-03,2,H,3,左,False,False,スタンダード
T02-H-04,2,H,4,左,True,False,スタンダード
T02-H-07,2,H,7,中央,True,False,プレミアム
T02-H-08,2,H,8,中央,False,False,プレミアム
T02-H-09,2,H,9,中央,False,False,プレミアム
T02-H-10,2,H,10,中央,False,False,プレミアム
T02-H-11,2,H,11,中央,False,False,プレミアム
T02-H-12,2,H,12,中央,False,False,プレミアム
T02-H-13,2,H,13,中央,False,False,プレミアム
T02-H-14,2,H,14,中央,False,False,プレミアム
T02-H-15,2,H,15,中央,False,False,プレミアム
T02-H-16,2,H,16,中央,False,False,プレミアム
T02-H-17,2,H,17,中央,False,False,プレミアム
T02-H-18,2,H,18,中央,True,False,プレミアム
T02-H-21,2,H,21,右,True,False,スタンダード
T02-H-22,2,H,22,右,False,False,スタンダード
T02-H-23,2,H,23,右,False,False,スタンダード
T02-H-24,2,H,24,右,False,False,スタンダード
T02-I-03,2,I,3,左,False,False,スタンダード
T02-I-04,2,I,4,左,True,False,スタンダード
T02-I-07,2,I,7,中央,True,False,プレミアム
T02-I-08,2,I,8,中央,False,False,プレミアム
T02-I-09,2,I,9,中央,False,False,プレミアム
T02-I-10,2,I,10,中央,False,False,プレミアム
T02-I-11,2,I,11,中央,False,False,プレミアム
T02-I-12,2,I,12,中央,False,False,プレミアム
T02-I-13,2,I,13,中央,False,False,プレミアム
T02-I-14,2,I,14,中央,False,False,プレミアム
T02-I-15,2,I,15,中央,False,False,プレミアム
T02-I-16,2,I,16,中央,False,False,プレミアム
T02-I-17,2,I,17,中央,False,False,プレミアム
T02-I-18,2,I,18,中央,True,False,プレミアム
T02-I-21,2,I,21,右,True,False,スタンダード
T02-I-22,2,I,22,右,False,False,スタンダード
T02-I-23,2,I,23,右,False,False,スタンダード
T02-I-24,2,I,24,右,False,False,スタンダード
T02-J-01,2,J,1,左,False,False,スタンダード
T02-J-02,2,J,2,左,False,False,スタンダード
T02-J-03,2,J,3,左,False,False,スタンダード
T02-J-04,2,J,4,左,True,False,スタンダード
T02-J-07,2,J,7,中央,True,False,プレミアム
T02-J-08,2,J,8,中央,False,False,プレミアム
T02-J-09,2,J,9,中央,False,False,プレミアム
T02-J-10,2,J,10,中央,False,False,プレミアム
T02-J-11,2,J,11,中央,False,False,プレミアム
T02-J-12,2,J,12,中央,False,False,プレミアム
T02-J-13,2,J,13,中央,False,False,プレミアム
T02-J-14,2,J,14,中央,False,False,プレミアム
T02-J-15,2,J,15,中央,False,False,プレミアム
T02-J-16,2,J,16,中央,False,False,プレミアム
T02-J-17,2,J,17,中央,False,False,プレミアム
T02-J-18,2,J,18,中央,True,False,プレミアム
T02-J-21,2,J,21,右,True,False,スタンダード
T02-J-22,2,J,22,右,False,False,スタンダード
T02-J-23,2,J,23,右,False,False,スタンダード
T02-J-24,2,J,24,右,False,False,スタンダード
T02-K-01,2,K,1,左,False,False,スタンダード
T02-K-02,2,K,2,左,False,False,スタンダード
T02-K-03,2,K,3,左,False,False,スタンダード
T02-K-04,2,K,4,左,True,False,スタンダード
T02-K-07,2,K,7,中央,True,False,プレミアム
T02-K-08,2,K,8,中央,False,False,プレミアム
T02-K-09,2,K,9,中央,False,False,プレミアム
T02-K-10,2,K,10,中央,False,False,プレミアム
T02-K-11,2,K,11,中央,False,False,プレミアム
T02-K-12,2,K,12,中央,False,False,プレミアム
T02-K-13,2,K,13,中央,False,False,プレミアム
T02-K-14,2,K,14,中央,False,False,プレミアム
T02-K-15,2,K,15,中央,False,False,プレミアム
T02-K-16,2,K,16,中央,False,False,プレミアム
T02-K-17,2,K,17,中央,False,False,プレミアム
T02-K-18,2,K,18,中央,True,False,プレミアム
T02-K-21,2,K,21,右,True,False,スタンダード
T02-K-22,2,K,22,右,False,False,スタンダード
T02-K-23,2,K,23,右,False,False,スタンダード
T02-K-24,2,K,24,右,False,False,スタンダード
T02-L-01,2,L,1,左,False,False,スタンダード
T02-L-02,2,L,2,左,False,False,スタンダード
T02-L-03,2,L,3,左,False,False,スタンダード
T02-L-04,2,L,4,左,False,False,スタンダード
T02-L-05,2,L,5,左,False,False,スタンダード
T02-L-06,2,L,6,左,True,False,スタンダード
T02-L-07,2,L,7,中央,True,False,プレミアム
T02-L-08,2,L,8,中央,False,False,プレミアム
T02-L-09,2,L,9,中央,False,False,プレミアム
T02-L-10,2,L,10,中央,False,False,プレミアム
T02-L-11,2,L,11,中央,False,False,プレミアム
T02-L-12,2,L,12,中央,False,False,プレミアム
T02-L-13,2,L,13,中央,False,False,プレミアム
T02-L-14,2,L,14,中央,False,False,プレミアム
T02-L-15,2,L,15,中央,False,False,プレミアム
T02-L-16,2,L,16,中央,False,False,プレミアム
T02-L-17,2,L,17,中央,False,False,プレミアム
T02-L-18,2,L,18,中央,True,False,プレミアム
T02-L-19,2,L,19,右,True,False,スタンダード
T02-L-20,2,L,20,右,False,False,スタンダード
T02-L-21,2,L,21,右,False,False,スタンダード
T02-L-22,2,L,22,右,False,False,スタンダード
T02-L-23,2,L,23,右,False,False,スタンダード
T02-L-24,2,L,24,右,False,False,スタンダード
T03-A-05,3,A,5,中央,True,True,前方
T03-A-06,3,A,6,中央,False,False,前方
T03-A-07,3,A,7,中央,False,False,前方
T03-A-08,3,A,8,中央,False,False,前方
T03-A-09,3,A,9,中央,False,False,前方
T03-A-10,3,A,10,中央,False,False,前方
T03-A-11,3,A,11,中央,False,False,前方
T03-A-12,3,A,12,中央,False,False,前方
T03-A-13,3,A,13,中央,True,True,前方
T03-B-04,3,B,4,中央,True,False,前方
T03-B-05,3,B,5,中央,False,False,前方
T03-B-06,3,B,6,中央,False,False,前方
T03-B-07,3,B,7,中央,False,False,前方
T03-B-08,3,B,8,中央,False,False,前方
T03-B-09,3,B,9,中央,False,False,前方
T03-B-10,3,B,10,中央,False,False,前方
T03-B-11,3,B,11,中央,False,False,前方
T03-B-12,3,B,12,中央,False,False,前方
T03-B-13,3,B,13,中央,True,False,前方
T03-C-04,3,C,4,中央,True,False,プレミアム
T03-C-05,3,C,5,中央,False,False,プレミアム
T03-C-06,3,C,6,中央,False,False,プレミアム
T03-C-07,3,C,7,中央,False,False,プレミアム
T03-C-08,3,C,8,中央,False,False,プレミアム
T03-C-09,3,C,9,中央,False,False,プレミアム
T03-C-10,3,C,10,中央,False,False,プレミアム
T03-C-11,3,C,11,中央,False,False,プレミアム
T03-C-12,3,C,12,中央,False,False,プレミアム
T03-C-13,3,C,13,中央,True,False,プレミアム
T03-D-04,3,D,4,中央,True,False,プレミアム
T03-D-05,3,D,5,中央,False,False,プレミアム
T03-D-06,3,D,6,中央,False,False,プレミアム
T03-D-07,3,D,7,中央,False,False,プレミアム
T03-D-08,3,D,8,中央,False,False,プレミアム
T03-D-09,3,D,9,中央,False,False,プレミアム
T03-D-10,3,D,10,中央,False,False,プレミアム
T03-D-11,3,D,11,中央,False,False,プレミアム
T03-D-12,3,D,12,中央,False,False,プレミアム
T03-D-13,3,D,13,中央,True,False,プレミアム
T03-E-04,3,E,4,中央,True,False,プレミアム
T03-E-05,3,E,5,中央,False,False,プレミアム
T03-E-06,3,E,6,中央,False,False,プレミアム
T03-E-07,3,E,7,中央,False,False,プレミアム
T03-E-08,3,E,8,中央,False,False,プレミアム
T03-E-09,3,E,9,中央,False,False,プレミアム
T03-E-10,3,E,10,中央,False,False,プレミアム
T03-E-11,3,E,11,中央,False,False,プレミアム
T03-E-12,3,E,12,中央,False,False,プレミアム
T03-E-13,3,E,13,中央,True,False,プレミアム
T03-F-04,3,F,4,中央,True,False,プレミアム
T03-F-05,3,F,5,中央,False,False,プレミアム
T03-F-06,3,F,6,中央,False,False,プレミアム
T03-F-07,3,F,7,中央,False,False,プレミアム
T03-F-08,3,F,8,中央,False,False,プレミアム
T03-F-09,3,F,9,中央,False,False,プレミアム
T03-F-10,3,F,10,中央,False,False,プレミアム
T03-F-11,3,F,11,中央,False,False,プレミアム
T03-F-12,3,F,12,中央,False,False,プレミアム
T03-F-13,3,F,13,中央,True,False,プレミアム
T03-G-01,3,G,1,左,False,False,スタンダード
T03-G-02,3,G,2,左,True,False,スタンダード
T03-G-04,3,G,4,中央,True,False,プレミアム
T03-G-05,3,G,5,中央,False,False,プレミアム
T03-G-06,3,G,6,中央,False,False,プレミアム
T03-G-07,3,G,7,中央,False,False,プレミアム
T03-G-08,3,G,8,中央,False,False,プレミアム
T03-G-09,3,G,9,中央,False,False,プレミアム
T03-G-10,3,G,10,中央,False,False,プレミアム
T03-G-11,3,G,11,中央,False,False,プレミアム
T03-G-12,3,G,12,中央,False,False,プレミアム
T03-G-13,3,G,13,中央,True,False,プレミアム
T03-H-01,3,H,1,左,False,False,スタンダード
T03-H-02,3,H,2,左,False,False,スタンダード
T03-H-03,3,H,3,左,False,False,スタンダード
T03-H-04,3,H,4,左,True,False,スタンダード
T03-H-05,3,H,5,中央,True,False,プレミアム
T03-H-06,3,H,6,中央,False,False,プレミアム
T03-H-07,3,H,7,中央,False,False,プレミアム
T03-H-08,3,H,8,中央,False,False,プレミアム
T03-H-09,3,H,9,中央,False,False,プレミアム
T03-H-10,3,H,10,中央,False,False,プレミアム
T03-H-11,3,H,11,中央,False,False,プレミアム
T03-H-12,3,H,12,中央,False,False,プレミアム
T03-H-13,3,H,13,中央,False,False,プレミアム
T03-H-14,3,H,14,中央,False,False,プレミアム
T03-H-15,3,H,15,中央,True,False,プレミアム
T04-A-01,4,A,1,左,False,False,前方
T04-A-02,4,A,2,左,False,False,前方
T04-A-03,4,A,3,左,False,False,前方
T04-A-04,4,A,4,左,True,False,前方
T04-A-07,4,A,7,中央,True,False,前方
T04-A-08,4,A,8,中央,False,False,前方
T04-A-09,4,A,9,中央,False,False,前方
T04-A-10,4,A,10,中央,False,False,前方
T04-A-11,4,A,11,中央,False,False,前方
T04-A-12,4,A,12,中央,True,False,前方
T04-A-15,4,A,15,右,True,False,前方
T04-A-16,4,A,16,右,False,False,前方
T04-A-17,4,A,17,右,False,False,前方
T04-A-18,4,A,18,右,False,False,前方
T04-B-01,4,B,1,左,False,False,前方
T04-B-02,4,B,2,左,False,False,前方
T04-B-03,4,B,3,左,False,False,前方
T04-B-04,4,B,4,左,True,False,前方
T04-B-07,4,B,7,中央,True,False,前方
T04-B-08,4,B,8,中央,False,False,前方
T04-B-09,4,B,9,中央,False,False,前方
T04-B-10,4,B,10,中央,False,False,前方
T04-B-11,4,B,11,中央,False,False,前方
T04-B-12,4,B,12,中央,True,False,前方
T04-B-15,4,B,15,右,True,False,前方
T04-B-16,4,B,16,右,False,False,前方
T04-B-17,4,B,17,右,False,False,前方
T04-B-18,4,B,18,右,False,False,前方
T04-C-03,4,C,3,左,False,False,スタンダード
T04-C-04,4,C,4,左,True,False,スタンダード
T04-C-07,4,C,7,中央,True,True,スタンダード
T04-C-08,4,C,8,中央,False,False,スタンダード
T04-C-09,4,C,9,中央,False,False,スタンダード
T04-C-10,4,C,10,中央,False,False,スタンダード
T04-C-11,4,C,11,中央,True,True,スタンダード
T04-C-15,4,C,15,右,True,False,スタンダード
T04-C-16,4,C,16,右,False,False,スタンダード
T04-C-17,4,C,17,右,False,False,スタンダード
T04-C-18,4,C,18,右,False,False,スタンダード
T04-D-03,4,D,3,左,False,False,スタンダード
T04-D-04,4,D,4,左,True,False,スタンダード
T04-D-07,4,D,7,中央,True,False,プレミアム
T04-D-08,4,D,8,中央,False,False,プレミアム
T04-D-09,4,D,9,中央,False,False,プレミアム
T04-D-10,4,D,10,中央,False,False,プレミアム
T04-D-11,4,D,11,中央,False,False,プレミアム
T04-D-12,4,D,12,中央,True,False,プレミアム
T04-D-15,4,D,15,右,True,False,スタンダード
T04-D-16,4,D,16,右,False,False,スタンダード
T04-D-17,4,D,17,右,False,False,スタンダード
T04-D-18,4,D,18,右,False,False,スタンダード
T04-E-03,4,E,3,左,False,False,スタンダード
T04-E-04,4,E,4,左,True,False,スタンダード
T04-E-07,4,E,7,中央,True,False,プレミアム
T04-E-08,4,E,8,中央,False,False,プレミアム
T04-E-09,4,E,9,中央,False,False,プレミアム
T04-E-10,4,E,10,中央,False,False,プレミアム
T04-E-11,4,E,11,中央,False,False,プレミアム
T04-E-12,4,E,12,中央,True,False,プレミアム
T04-E-15,4,E,15,右,True,False,スタンダード
T04-E-16,4,E,16,右,False,False,スタンダード
T04-E-17,4,E,17,右,False,False,スタンダード
T04-E-18,4,E,18,右,False,False,スタンダード
T04-F-03,4,F,3,左,False,False,スタンダード
T04-F-04,4,F,4,左,True,False,スタンダード
T04-F-07,4,F,7,中央,True,False,プレミアム
T04-F-08,4,F,8,中央,False,False,プレミアム
T04-F-09,4,F,9,中央,False,False,プレミアム
T04-F-10,4,F,10,中央,False,False,プレミアム
T04-F-11,4,F,11,中央,False,False,プレミアム
T04-F-12,4,F,12,中央,True,False,プレミアム
T04-F-15,4,F,15,右,True,False,スタンダード
T04-F-16,4,F,16,右,False,False,スタンダード
T04-F-17,4,F,17,右,False,False,スタンダード
T04-F-18,4,F,18,右,False,False,スタンダード
T04-G-03,4,G,3,左,False,False,スタンダード
T04-G-04,4,G,4,左,True,False,スタンダード
T04-G-07,4,G,7,中央,True,False,プレミアム
T04-G-08,4,G,8,中央,False,False,プレミアム
T04-G-09,4,G,9,中央,False,False,プレミアム
T04-G-10,4,G,10,中央,False,False,プレミアム
T04-G-11,4,G,11,中央,False,False,プレミアム
T04-G-12,4,G,12,中央,True,False,プレミアム
T04-G-15,4,G,15,右,True,False,スタンダード
T04-G-16,4,G,16,右,False,False,スタンダード
T04-G-17,4,G,17,右,False,False,スタンダード
T04-G-18,4,G,18,右,False,False,スタンダード
T04-H-03,4,H,3,左,False,False,スタンダード
T04-H-04,4,H,4,左,True,False,スタンダード
T04-H-07,4,H,7,中央,True,False,プレミアム
T04-H-08,4,H,8,中央,False,False,プレミアム
T04-H-09,4,H,9,中央,False,False,プレミアム
T04-H-10,4,H,10,中央,False,False,プレミアム
T04-H-11,4,H,11,中央,False,False,プレミアム
T04-H-12,4,H,12,中央,True,False,プレミアム
T04-H-15,4,H,15,右,True,False,スタンダード
T04-H-16,4,H,16,右,False,False,スタンダード
T04-H-17,4,H,17,右,False,False,スタンダード
T04-H-18,4,H,18,右,False,False,スタンダード
T04-I-01,4,I,1,左,False,False,スタンダード
T04-I-02,4,I,2,左,False,False,スタンダード
T04-I-03,4,I,3,左,False,False,スタンダード
T04-I-04,4,I,4,左,True,False,スタンダード
T04-I-07,4,I,7,中央,True,False,プレミアム
T04-I-08,4,I,8,中央,False,False,プレミアム
T04-I-09,4,I,9,中央,False,False,プレミアム
T04-I-10,4,I,10,中央,False,False,プレミアム
T04-I-11,4,I,11,中央,False,False,プレミアム
T04-I-12,4,I,12,中央,True,False,プレミアム
T04-I-15,4,I,15,右,True,False,スタンダード
T04-I-16,4,I,16,右,False,False,スタンダード
T04-I-17,4,I,17,右,False,False,スタンダード
T04-I-18,4,I,18,右,False,False,スタンダード
T04-J-01,4,J,1,左,False,False,スタンダード
T04-J-02,4,J,2,左,False,False,スタンダード
T04-J-03,4,J,3,左,False,False,スタンダード
T04-J-04,4,J,4,左,True,False,スタンダード
T04-J-07,4,J,7,中央,True,False,プレミアム
T04-J-08,4,J,8,中央,False,False,プレミアム
T04-J-09,4,J,9,中央,False,False,プレミアム
T04-J-10,4,J,10,中央,False,False,プレミアム
T04-J-11,4,J,11,中央,False,False,プレミアム
T04-J-12,4,J,12,中央,True,False,プレミアム
T04-J-15,4,J,15,右,True,False,スタンダード
T04-J-16,4,J,16,右,False,False,スタンダード
T04-J-17,4,J,17,右,False,False,スタンダード
T04-J-18,4,J,18,右,False,False,スタンダード
T04-K-01,4,K,1,左,False,False,スタンダード
T04-K-02,4,K,2,左,False,False,スタンダード
T04-K-03,4,K,3,左,False,False,スタンダード
T04-K-04,4,K,4,左,False,False,スタンダード
T04-K-05,4,K,5,左,False,False,スタンダード
T04-K-06,4,K,6,左,True,False,スタンダード
T04-K-07,4,K,7,中央,True,False,プレミアム
T04-K-08,4,K,8,中央,False,False,プレミアム
T04-K-09,4,K,9,中央,False,False,プレミアム
T04-K-10,4,K,10,中央,False,False,プレミアム
T04-K-11,4,K,11,中央,False,False,プレミアム
T04-K-12,4,K,12,中央,False,False,プレミアム
T04-K-13,4,K,13,中央,True,False,プレミアム
T04-K-14,4,K,14,右,True,False,スタンダード
T04-K-15,4,K,15,右,False,False,スタンダード
T04-K-16,4,K,16,右,False,False,スタンダード
T04-K-17,4,K,17,右,False,False,スタンダード
T04-K-18,4,K,18,右,False,False,スタンダード
T05-A-01,5,A,1,左,False,False,前方
T05-A-02,5,A,2,左,False,False,前方
T05-A-03,5,A,3,左,False,False,前方
T05-A-04,5,A,4,左,True,False,前方
T05-A-06,5,A,6,中央,True,False,前方
T05-A-07,5,A,7,中央,False,False,前方
T05-A-08,5,A,8,中央,False,False,前方
T05-A-09,5,A,9,中央,False,False,前方
T05-A-10,5,A,10,中央,False,False,前方
T05-A-11,5,A,11,中央,False,False,前方
T05-A-12,5,A,12,中央,False,False,前方
T05-A-13,5,A,13,中央,True,False,前方
T05-A-16,5,A,16,右,True,False,前方
T05-A-17,5,A,17,右,False,False,前方
T05-A-18,5,A,18,右,False,False,前方
T05-A-19,5,A,19,右,False,False,前方
T05-B-01,5,B,1,左,False,False,前方
T05-B-02,5,B,2,左,False,False,前方
T05-B-03,5,B,3,左,False,False,前方
T05-B-04,5,B,4,左,True,False,前方
T05-B-06,5,B,6,中央,True,False,前方
T05-B-07,5,B,7,中央,False,False,前方
T05-B-08,5,B,8,中央,False,False,前方
T05-B-09,5,B,9,中央,False,False,前方
T05-B-10,5,B,10,中央,False,False,前方
T05-B-11,5,B,11,中央,False,False,前方
T05-B-12,5,B,12,中央,False,False,前方
T05-B-13,5,B,13,中央,True,False,前方
T05-B-16,5,B,16,右,True,False,前方
T05-B-17,5,B,17,右,False,False,前方
T05-B-18,5,B,18,右,False,False,前方
T05-B-19,5,B,19,右,False,False,前方
T05-C-01,5,C,1,左,False,False,スタンダード
T05-C-02,5,C,2,左,False,False,スタンダード
T05-C-03,5,C,3,左,False,False,スタンダード
T05-C-04,5,C,4,左,True,False,スタンダード
T05-C-06,5,C,6,中央,True,False,スタンダード
T05-C-07,5,C,7,中央,False,False,スタンダード
T05-C-08,5,C,8,中央,False,False,スタンダード
T05-C-09,5,C,9,中央,False,False,スタンダード
T05-C-10,5,C,10,中央,False,False,スタンダード
T05-C-11,5,C,11,中央,False,False,スタンダード
T05-C-12,5,C,12,中央,False,False,スタンダード
T05-C-13,5,C,13,中央,True,False,スタンダード
T05-C-16,5,C,16,右,True,False,スタンダード
T05-C-17,5,C,17,右,False,False,スタンダード
T05-C-18,5,C,18,右,False,False,スタンダード
T05-C-19,5,C,19,右,False,False,スタンダード
T05-D-01,5,D,1,左,False,False,スタンダード
T05-D-02,5,D,2,左,False,False,スタンダード
T05-D-03,5,D,3,左,False,False,スタンダード
T05-D-04,5,D,4,左,True,False,スタンダード
T05-D-06,5,D,6,中央,True,False,スタンダード
T05-D-07,5,D,7,中央,False,False,スタンダード
T05-D-08,5,D,8,中央,False,False,スタンダード
T05-D-09,5,D,9,中央,False,False,スタンダード
T05-D-10,5,D,10,中央,False,False,スタンダード
T05-D-11,5,D,11,中央,False,False,スタンダード
T05-D-12,5,D,12,中央,False,False,スタンダード
T05-D-13,5,D,13,中央,True,False,スタンダード
T05-D-16,5,D,16,右,True,False,スタンダード
T05-D-17,5,D,17,右,False,False,スタンダード
T05-D-18,5,D,18,右,False,False,スタンダード
T05-D-19,5,D,19,右,False,False,スタンダード
T05-E-01,5,E,1,左,False,False,スタンダード
T05-E-02,5,E,2,左,False,False,スタンダード
T05-E-03,5,E,3,左,False,False,スタンダード
T05-E-04,5,E,4,左,True,False,スタンダード
T05-E-06,5,E,6,中央,True,False,プレミアム
T05-E-07,5,E,7,中央,False,False,プレミアム
T05-E-08,5,E,8,中央,False,False,プレミアム
T05-E-09,5,E,9,中央,False,False,プレミアム
T05-E-10,5,E,10,中央,False,False,プレミアム
T05-E-11,5,E,11,中央,False,False,プレミアム
T05-E-12,5,E,12,中央,False,False,プレミアム
T05-E-13,5,E,13,中央,True,False,プレミアム
T05-E-16,5,E,16,右,True,False,スタンダード
T05-E-17,5,E,17,右,False,False,スタンダード
T05-E-18,5,E,18,右,False,False,スタンダード
T05-E-19,5,E,19,右,False,False,スタンダード
T05-F-03,5,F,3,左,False,False,スタンダード
T05-F-04,5,F,4,左,True,False,スタンダード
T05-F-07,5,F,7,中央,True,True,プレミアム
T05-F-08,5,F,8,中央,False,False,プレミアム
T05-F-09,5,F,9,中央,False,False,プレミアム
T05-F-10,5,F,10,中央,False,False,プレミアム
T05-F-11,5,F,11,中央,False,False,プレミアム
T05-F-12,5,F,12,中央,False,False,プレミアム
T05-F-13,5,F,13,中央,True,True,プレミアム
T05-F-16,5,F,16,右,True,False,スタンダード
T05-F-17,5,F,17,右,False,False,スタンダード
T05-F-18,5,F,18,右,False,False,スタンダード
T05-F-19,5,F,19,右,False,False,スタンダード
T05-G-03,5,G,3,左,False,False,スタンダード
T05-G-04,5,G,4,左,True,False,スタンダード
T05-G-06,5,G,6,中央,True,False,プレミアム
T05-G-07,5,G,7,中央,False,False,プレミアム
T05-G-08,5,G,8,中央,False,False,プレミアム
T05-G-09,5,G,9,中央,False,False,プレミアム
T05-G-10,5,G,10,中央,False,False,プレミアム
T05-G-11,5,G,11,中央,False,False,プレミアム
T05-G-12,5,G,12,中央,False,False,プレミアム
T05-G-13,5,G,13,中央,True,False,プレミアム
T05-G-16,5,G,16,右,True,False,スタンダード
T05-G-17,5,G,17,右,False,False,スタンダード
T05-G-18,5,G,18,右,False,False,スタンダード
T05-G-19,5,G,19,右,False,False,スタンダード
T05-H-03,5,H,3,左,False,False,スタンダード
T05-H-04,5,H,4,左,True,False,スタンダード
T05-H-06,5,H,6,中央,True,False,プレミアム
T05-H-07,5,H,7,中央,False,False,プレミアム
T05-H-08,5,H,8,中央,False,False,プレミアム
T05-H-09,5,H,9,中央,False,False,プレミアム
T05-H-10,5,H,10,中央,False,False,プレミアム
T05-H-11,5,H,11,中央,False,False,プレミアム
T05-H-12,5,H,12,中央,False,False,プレミアム
T05-H-13,5,H,13,中央,True,False,プレミアム
T05-H-16,5,H,16,右,True,False,スタンダード
T05-H-17,5,H,17,右,False,False,スタンダード
T05-H-18,5,H,18,右,False,False,スタンダード
T05-H-19,5,H,19,右,False,False,スタンダード
T05-I-03,5,I,3,左,False,False,スタンダード
T05-I-04,5,I,4,左,True,False,スタンダード
T05-I-06,5,I,6,中央,True,False,プレミアム
T05-I-07,5,I,7,中央,False,False,プレミアム
T05-I-08,5,I,8,中央,False,False,プレミアム
T05-I-09,5,I,9,中央,False,False,プレミアム
T05-I-10,5,I,10,中央,False,False,プレミアム
T05-I-11,5,I,11,中央,False,False,プレミアム
T05-I-12,5,I,12,中央,False,False,プレミアム
T05-I-13,5,I,13,中央,True,False,プレミアム
T05-I-16,5,I,16,右,True,False,スタンダード
T05-I-17,5,I,17,右,False,False,スタンダード
T05-I-18,5,I,18,右,False,False,スタンダード
T05-I-19,5,I,19,右,False,False,スタンダード
T05-J-03,5,J,3,左,False,False,スタンダード
T05-J-04,5,J,4,左,True,False,スタンダード
T05-J-06,5,J,6,中央,True,False,プレミアム
T05-J-07,5,J,7,中央,False,False,プレミアム
T05-J-08,5,J,8,中央,False,False,プレミアム
T05-J-09,5,J,9,中央,False,False,プレミアム
T05-J-10,5,J,10,中央,False,False,プレミアム
T05-J-11,5,J,11,中央,False,False,プレミアム
T05-J-12,5,J,12,中央,False,False,プレミアム
T05-J-13,5,J,13,中央,True,False,プレミアム
T05-J-16,5,J,16,右,True,False,スタンダード
T05-J-17,5,J,17,右,False,False,スタンダード
T05-J-18,5,J,18,右,False,False,スタンダード
T05-J-19,5,J,19,右,False,False,スタンダード
T05-K-03,5,K,3,左,False,False,スタンダード
T05-K-04,5,K,4,左,True,False,スタンダード
T05-K-06,5,K,6,中央,True,False,プレミアム
T05-K-07,5,K,7,中央,False,False,プレミアム
T05-K-08,5,K,8,中央,False,False,プレミアム
T05-K-09,5,K,9,中央,False,False,プレミアム
T05-K-10,5,K,10,中央,False,False,プレミアム
T05-K-11,5,K,11,中央,False,False,プレミアム
T05-K-12,5,K,12,中央,False,False,プレミアム
T05-K-13,5,K,13,中央,True,False,プレミアム
T05-K-16,5,K,16,右,True,False,スタンダード
T05-K-17,5,K,17,右,False,False,スタンダード
T05-K-18,5,K,18,右,False,False,スタンダード
T05-K-19,5,K,19,右,False,False,スタンダード
T05-L-01,5,L,1,左,False,False,スタンダード
T05-L-02,5,L,2,左,False,False,スタンダード
T05-L-03,5,L,3,左,False,False,スタンダード
T05-L-04,5,L,4,左,True,False,スタンダード
T05-L-06,5,L,6,中央,True,False,プレミアム
T05-L-07,5,L,7,中央,False,False,プレミアム
T05-L-08,5,L,8,中央,False,False,プレミアム
T05-L-09,5,L,9,中央,False,False,プレミアム
T05-L-10,5,L,10,中央,False,False,プレミアム
T05-L-11,5,L,11,中央,False,False,プレミアム
T05-L-12,5,L,12,中央,False,False,プレミアム
T05-L-13,5,L,13,中央,True,False,プレミアム
T05-L-16,5,L,16,右,True,False,スタンダード
T05-L-17,5,L,17,右,False,False,スタンダード
T05-L-18,5,L,18,右,False,False,スタンダード
T05-L-19,5,L,19,右,False,False,スタンダード
T05-M-01,5,M,1,左,False,False,スタンダード
T05-M-02,5,M,2,左,False,False,スタンダード
T05-M-03,5,M,3,左,False,False,スタンダード
T05-M-04,5,M,4,左,True,False,スタンダード
T05-M-06,5,M,6,中央,True,False,プレミアム
T05-M-07,5,M,7,中央,False,False,プレミアム
T05-M-08,5,M,8,中央,False,False,プレミアム
T05-M-09,5,M,9,中央,False,False,プレミアム
T05-M-10,5,M,10,中央,False,False,プレミアム
T05-M-11,5,M,11,中央,False,False,プレミアム
T05-M-12,5,M,12,中央,False,False,プレミアム
T05-M-13,5,M,13,中央,True,False,プレミアム
T05-M-16,5,M,16,右,True,False,スタンダード
T05-M-17,5,M,17,右,False,False,スタンダード
T05-M-18,5,M,18,右,False,False,スタンダード
T05-M-19,5,M,19,右,False,False,スタンダード
T05-N-01,5,N,1,左,False,False,スタンダード
T05-N-02,5,N,2,左,False,False,スタンダード
T05-N-03,5,N,3,左,False,False,スタンダード
T05-N-04,5,N,4,左,False,False,スタンダード
T05-N-05,5,N,5,左,True,False,スタンダード
T05-N-06,5,N,6,中央,True,False,プレミアム
T05-N-07,5,N,7,中央,False,False,プレミアム
T05-N-08,5,N,8,中央,False,False,プレミアム
T05-N-09,5,N,9,中央,False,False,プレミアム
T05-N-10,5,N,10,中央,False,False,プレミアム
T05-N-11,5,N,11,中央,False,False,プレミアム
T05-N-12,5,N,12,中央,False,False,プレミアム
T05-N-13,5,N,13,中央,False,False,プレミアム
T05-N-14,5,N,14,中央,True,False,プレミアム
T05-N-15,5,N,15,右,True,False,スタンダード
T05-N-16,5,N,16,右,False,False,スタンダード
T05-N-17,5,N,17,右,False,False,スタンダード
T05-N-18,5,N,18,右,False,False,スタンダード
T05-N-19,5,N,19,右,False,False,スタンダード
T06-A-01,6,A,1,左,False,False,前方
T06-A-02,6,A,2,左,False,False,前方
T06-A-03,6,A,3,左,False,False,前方
T06-A-04,6,A,4,左,True,False,前方
T06-A-07,6,A,7,中央,True,False,前方
T06-A-08,6,A,8,中央,False,False,前方
T06-A-09,6,A,9,中央,False,False,前方
T06-A-10,6,A,10,中央,False,False,前方
T06-A-11,6,A,11,中央,False,False,前方
T06-A-12,6,A,12,中央,False,False,前方
T06-A-13,6,A,13,中央,False,False,前方
T06-A-14,6,A,14,中央,False,False,前方
T06-A-15,6,A,15,中央,False,False,前方
T06-A-16,6,A,16,中央,False,False,前方
T06-A-17,6,A,17,中央,True,False,前方
T06-A-20,6,A,20,右,True,False,前方
T06-A-21,6,A,21,右,False,False,前方
T06-A-22,6,A,22,右,False,False,前方
T06-A-23,6,A,23,右,False,False,前方
T06-B-01,6,B,1,左,False,False,前方
T06-B-02,6,B,2,左,False,False,前方
T06-B-03,6,B,3,左,False,False,前方
T06-B-04,6,B,4,左,True,False,前方
T06-B-07,6,B,7,中央,True,False,前方
T06-B-08,6,B,8,中央,False,False,前方
T06-B-09,6,B,9,中央,False,False,前方
T06-B-10,6,B,10,中央,False,False,前方
T06-B-11,6,B,11,中央,False,False,前方
T06-B-12,6,B,12,中央,False,False,前方
T06-B-13,6,B,13,中央,False,False,前方
T06-B-14,6,B,14,中央,False,False,前方
T06-B-15,6,B,15,中央,False,False,前方
T06-B-16,6,B,16,中央,False,False,前方
T06-B-17,6,B,17,中央,True,False,前方
T06-B-20,6,B,20,右,True,False,前方
T06-B-21,6,B,21,右,False,False,前方
T06-B-22,6,B,22,右,False,False,前方
T06-B-23,6,B,23,右,False,False,前方
T06-C-03,6,C,3,左,False,False,スタンダード
T06-C-04,6,C,4,左,True,False,スタンダード
T06-C-07,6,C,7,中央,True,True,スタンダード
T06-C-08,6,C,8,中央,False,False,スタンダード
T06-C-09,6,C,9,中央,False,False,スタンダード
T06-C-10,6,C,10,中央,False,False,スタンダード
T06-C-11,6,C,11,中央,False,False,スタンダード
T06-C-12,6,C,12,中央,False,False,スタンダード
T06-C-13,6,C,13,中央,False,False,スタンダード
T06-C-14,6,C,14,中央,False,False,スタンダード
T06-C-15,6,C,15,中央,False,False,スタンダード
T06-C-16,6,C,16,中央,True,True,スタンダード
T06-C-20,6,C,20,右,True,False,スタンダード
T06-C-21,6,C,21,右,False,False,スタンダード
T06-C-22,6,C,22,右,False,False,スタンダード
T06-C-23,6,C,23,右,False,False,スタンダード
T06-D-03,6,D,3,左,False,False,スタンダード
T06-D-04,6,D,4,左,True,False,スタンダード
T06-D-07,6,D,7,中央,True,False,プレミアム
T06-D-08,6,D,8,中央,False,False,プレミアム
T06-D-09,6,D,9,中央,False,False,プレミアム
T06-D-10,6,D,10,中央,False,False,プレミアム
T06-D-11,6,D,11,中央,False,False,プレミアム
T06-D-12,6,D,12,中央,False,False,プレミアム
T06-D-13,6,D,13,中央,False,False,プレミアム
T06-D-14,6,D,14,中央,False,False,プレミアム
T06-D-15,6,D,15,中央,False,False,プレミアム
T06-D-16,6,D,16,中央,False,False,プレミアム
T06-D-17,6,D,17,中央,True,False,プレミアム
T06-D-20,6,D,20,右,True,False,スタンダード
T06-D-21,6,D,21,右,False,False,スタンダード
T06-D-22,6,D,22,右,False,False,スタンダード
T06-D-23,6,D,23,右,False,False,スタンダード
T06-E-03,6,E,3,左,False,False,スタンダード
T06-E-04,6,E,4,左,True,False,スタンダード
T06-E-07,6,E,7,中央,True,False,プレミアム
T06-E-08,6,E,8,中央,False,False,プレミアム
T06-E-09,6,E,9,中央,False,False,プレミアム
T06-E-10,6,E,10,中央,False,False,プレミアム
T06-E-11,6,E,11,中央,False,False,プレミアム
T06-E-12,6,E,12,中央,False,False,プレミアム
T06-E-13,6,E,13,中央,False,False,プレミアム
T06-E-14,6,E,14,中央,False,False,プレミアム
T06-E-15,6,E,15,中央,False,False,プレミアム
T06-E-16,6,E,16,中央,False,False,プレミアム
T06-E-17,6,E,17,中央,True,False,プレミアム
T06-E-20,6,E,20,右,True,False,スタンダード
T06-E-21,6,E,21,右,False,False,スタンダード
T06-E-22,6,E,22,右,False,False,スタンダード
T06-E-23,6,E,23,右,False,False,スタンダード
T06-F-03,6,F,3,左,False,False,スタンダード
T06-F-04,6,F,4,左,True,False,スタンダード
T06-F-07,6,F,7,中央,True,False,プレミアム
T06-F-08,6,F,8,中央,False,False,プレミアム
T06-F-09,6,F,9,中央,False,False,プレミアム
T06-F-10,6,F,10,中央,False,False,プレミアム
T06-F-11,6,F,11,中央,False,False,プレミアム
T06-F-12,6,F,12,中央,False,False,プレミアム
T06-F-13,6,F,13,中央,False,False,プレミアム
T06-F-14,6,F,14,中央,False,False,プレミアム
T06-F-15,6,F,15,中央,False,False,プレミアム
T06-F-16,6,F,16,中央,False,False,プレミアム
T06-F-17,6,F,17,中央,True,False,プレミアム
T06-F-20,6,F,20,右,True,False,スタンダード
T06-F-21,6,F,21,右,False,False,スタンダード
T06-F-22,6,F,22,右,False,False,スタンダード
T06-F-23,6,F,23,右,False,False,スタンダード
T06-G-03,6,G,3,左,False,False,スタンダード
T06-G-04,6,G,4,左,True,False,スタンダード
T06-G-07,6,G,7,中央,True,False,プレミアム
T06-G-08,6,G,8,中央,False,False,プレミアム
T06-G-09,6,G,9,中央,False,False,プレミアム
T06-G-10,6,G,10,中央,False,False,プレミアム
T06-G-11,6,G,11,中央,False,False,プレミアム
T06-G-12,6,G,12,中央,False,False,プレミアム
T06-G-13,6,G,13,中央,False,False,プレミアム
T06-G-14,6,G,14,中央,False,False,プレミアム
T06-G-15,6,G,15,中央,False,False,プレミアム
T06-G-16,6,G,16,中央,False,False,プレミアム
T06-G-17,6,G,17,中央,True,False,プレミアム
T06-G-20,6,G,20,右,True,False,スタンダード
T06-G-21,6,G,21,右,False,False,スタンダード
T06-G-22,6,G,22,右,False,False,スタンダード
T06-G-23,6,G,23,右,False,False,スタンダード
T06-H-03,6,H,3,左,False,False,スタンダード
T06-H-04,6,H,4,左,True,False,スタンダード
T06-H-07,6,H,7,中央,True,False,プレミアム
T06-H-08,6,H,8,中央,False,False,プレミアム
T06-H-09,6,H,9,中央,False,False,プレミアム
T06-H-10,6,H,10,中央,False,False,プレミアム
T06-H-11,6,H,11,中央,False,False,プレミアム
T06-H-12,6,H,12,中央,False,False,プレミアム
T06-H-13,6,H,13,中央,False,False,プレミアム
T06-H-14,6,H,14,中央,False,False,プレミアム
T06-H-15,6,H,15,中央,False,False,プレミアム
T06-H-16,6,H,16,中央,False,False,プレミアム
T06-H-17,6,H,17,中央,True,False,プレミアム
T06-H-20,6,H,20,右,True,False,スタンダード
T06-H-21,6,H,21,右,False,False,スタンダード
T06-H-22,6,H,22,右,False,False,スタンダード
T06-H-23,6,H,23,右,False,False,スタンダード
T06-I-01,6,I,1,左,False,False,スタンダード
T06-I-02,6,I,2,左,False,False,スタンダード
T06-I-03,6,I,3,左,False,False,スタンダード
T06-I-04,6,I,4,左,True,False,スタンダード
T06-I-07,6,I,7,中央,True,False,プレミアム
T06-I-08,6,I,8,中央,False,False,プレミアム
T06-I-09,6,I,9,中央,False,False,プレミアム
T06-I-10,6,I,10,中央,False,False,プレミアム
T06-I-11,6,I,11,中央,False,False,プレミアム
T06-I-12,6,I,12,中央,False,False,プレミアム
T06-I-13,6,I,13,中央,False,False,プレミアム
T06-I-14,6,I,14,中央,False,False,プレミアム
T06-I-15,6,I,15,中央,False,False,プレミアム
T06-I-16,6,I,16,中央,False,False,プレミアム
T06-I-17,6,I,17,中央,True,False,プレミアム
T06-I-20,6,I,20,右,True,False,スタンダード
T06-I-21,6,I,21,右,False,False,スタンダード
T06-I-22,6,I,22,右,False,False,スタンダード
T06-I-23,6,I,23,右,False,False,スタンダード
T06-J-01,6,J,1,左,False,False,スタンダード
T06-J-02,6,J,2,左,False,False,スタンダード
T06-J-03,6,J,3,左,False,False,スタンダード
T06-J-04,6,J,4,左,True,False,スタンダード
T06-J-07,6,J,7,中央,True,False,プレミアム
T06-J-08,6,J,8,中央,False,False,プレミアム
T06-J-09,6,J,9,中央,False,False,プレミアム
T06-J-10,6,J,10,中央,False,False,プレミアム
T06-J-11,6,J,11,中央,False,False,プレミアム
T06-J-12,6,J,12,中央,False,False,プレミアム
T06-J-13,6,J,13,中央,False,False,プレミアム
T06-J-14,6,J,14,中央,False,False,プレミアム
T06-J-15,6,J,15,中央,False,False,プレミアム
T06-J-16,6,J,16,中央,False,False,プレミアム
T06-J-17,6,J,17,中央,True,False,プレミアム
T06-J-20,6,J,20,右,True,False,スタンダード
T06-J-21,6,J,21,右,False,False,スタンダード
T06-J-22,6,J,22,右,False,False,スタンダード
T06-J-23,6,J,23,右,False,False,スタンダード
T06-K-01,6,K,1,左,False,False,スタンダード
T06-K-02,6,K,2,左,False,False,スタンダード
T06-K-03,6,K,3,左,False,False,スタンダード
T06-K-04,6,K,4,左,False,False,スタンダード
T06-K-05,6,K,5,左,False,False,スタンダード
T06-K-06,6,K,6,左,True,False,スタンダード
T06-K-07,6,K,7,中央,True,False,プレミアム
T06-K-08,6,K,8,中央,False,False,プレミアム
T06-K-09,6,K,9,中央,False,False,プレミアム
T06-K-10,6,K,10,中央,False,False,プレミアム
T06-K-11,6,K,11,中央,False,False,プレミアム
T06-K-12,6,K,12,中央,False,False,プレミアム
T06-K-13,6,K,13,中央,False,False,プレミアム
T06-K-14,6,K,14,中央,False,False,プレミアム
T06-K-15,6,K,15,中央,False,False,プレミアム
T06-K-16,6,K,16,中央,False,False,プレミアム
T06-K-17,6,K,17,中央,False,False,プレミアム
T06-K-18,6,K,18,中央,True,False,プレミアム
T06-K-19,6,K,19,右,True,False,スタンダード
T06-K-20,6,K,20,右,False,False,スタンダード
T06-K-21,6,K,21,右,False,False,スタンダード
T06-K-22,6,K,22,右,False,False,スタンダード
T06-K-23,6,K,23,右,False,False,スタンダード
T07-A-01,7,A,1,左,False,False,前方
T07-A-02,7,A,2,左,False,False,前方
T07-A-03,7,A,3,左,False,False,前方
T07-A-04,7,A,4,左,True,False,前方
T07-A-06,7,A,6,中央,True,False,前方
T07-A-07,7,A,7,中央,False,False,前方
T07-A-08,7,A,8,中央,False,False,前方
T07-A-09,7,A,9,中央,False,False,前方
T07-A-10,7,A,10,中央,False,False,前方
T07-A-11,7,A,11,中央,False,False,前方
T07-A-12,7,A,12,中央,False,False,前方
T07-A-13,7,A,13,中央,False,False,前方
T07-A-14,7,A,14,中央,True,False,前方
T07-A-17,7,A,17,右,True,False,前方
T07-A-18,7,A,18,右,False,False,前方
T07-A-19,7,A,19,右,False,False,前方
T07-A-20,7,A,20,右,False,False,前方
T07-B-01,7,B,1,左,False,False,前方
T07-B-02,7,B,2,左,False,False,前方
T07-B-03,7,B,3,左,False,False,前方
T07-B-04,7,B,4,左,True,False,前方
T07-B-06,7,B,6,中央,True,False,前方
T07-B-07,7,B,7,中央,False,False,前方
T07-B-08,7,B,8,中央,False,False,前方
T07-B-09,7,B,9,中央,False,False,前方
T07-B-10,7,B,10,中央,False,False,前方
T07-B-11,7,B,11,中央,False,False,前方
T07-B-12,7,B,12,中央,False,False,前方
T07-B-13,7,B,13,中央,False,False,前方
T07-B-14,7,B,14,中央,True,False,前方
T07-B-17,7,B,17,右,True,False,前方
T07-B-18,7,B,18,右,False,False,前方
T07-B-19,7,B,19,右,False,False,前方
T07-B-20,7,B,20,右,False,False,前方
T07-C-01,7,C,1,左,False,False,スタンダード
T07-C-02,7,C,2,左,False,False,スタンダード
T07-C-03,7,C,3,左,False,False,スタンダード
T07-C-04,7,C,4,左,True,False,スタンダード
T07-C-06,7,C,6,中央,True,False,スタンダード
T07-C-07,7,C,7,中央,False,False,スタンダード
T07-C-08,7,C,8,中央,False,False,スタンダード
T07-C-09,7,C,9,中央,False,False,スタンダード
T07-C-10,7,C,10,中央,False,False,スタンダード
T07-C-11,7,C,11,中央,False,False,スタンダード
T07-C-12,7,C,12,中央,False,False,スタンダード
T07-C-13,7,C,13,中央,False,False,スタンダード
T07-C-14,7,C,14,中央,True,False,スタンダード
T07-C-17,7,C,17,右,True,False,スタンダード
T07-C-18,7,C,18,右,False,False,スタンダード
T07-C-19,7,C,19,右,False,False,スタンダード
T07-C-20,7,C,20,右,False,False,スタンダード
T07-D-03,7,D,3,左,False,False,スタンダード
T07-D-04,7,D,4,左,True,False,スタンダード
T07-D-07,7,D,7,中央,True,True,スタンダード
T07-D-08,7,D,8,中央,False,False,スタンダード
T07-D-09,7,D,9,中央,False,False,スタンダード
T07-D-10,7,D,10,中央,False,False,スタンダード
T07-D-11,7,D,11,中央,False,False,スタンダード
T07-D-12,7,D,12,中央,False,False,スタンダード
T07-D-13,7,D,13,中央,False,False,スタンダード
T07-D-14,7,D,14,中央,True,True,スタンダード
T07-D-17,7,D,17,右,True,False,スタンダード
T07-D-18,7,D,18,右,False,False,スタンダード
T07-D-19,7,D,19,右,False,False,スタンダード
T07-D-20,7,D,20,右,False,False,スタンダード
T07-E-03,7,E,3,左,False,False,スタンダード
T07-E-04,7,E,4,左,True,False,スタンダード
T07-E-06,7,E,6,中央,True,False,プレミアム
T07-E-07,7,E,7,中央,False,False,プレミアム
T07-E-08,7,E,8,中央,False,False,プレミアム
T07-E-09,7,E,9,中央,False,False,プレミアム
T07-E-10,7,E,10,中央,False,False,プレミアム
T07-E-11,7,E,11,中央,False,False,プレミアム
T07-E-12,7,E,12,中央,False,False,プレミアム
T07-E-13,7,E,13,中央,False,False,プレミアム
T07-E-14,7,E,14,中央,True,False,プレミアム
T07-E-17,7,E,17,右,True,False,スタンダード
T07-E-18,7,E,18,右,False,False,スタンダード
T07-E-19,7,E,19,右,False,False,スタンダード
T07-E-20,7,E,20,右,False,False,スタンダード
T07-F-03,7,F,3,左,False,False,スタンダード
T07-F-04,7,F,4,左,True,False,スタンダード
T07-F-06,7,F,6,中央,True,False,プレミアム
T07-F-07,7,F,7,中央,False,False,プレミアム
T07-F-08,7,F,8,中央,False,False,プレミアム
T07-F-09,7,F,9,中央,False,False,プレミアム
T07-F-10,7,F,10,中央,False,False,プレミアム
T07-F-11,7,F,11,中央,False,False,プレミアム
T07-F-12,7,F,12,中央,False,False,プレミアム
T07-F-13,7,F,13,中央,False,False,プレミアム
T07-F-14,7,F,14,中央,True,False,プレミアム
T07-F-17,7,F,17,右,True,False,スタンダード
T07-F-18,7,F,18,右,False,False,スタンダード
T07-F-19,7,F,19,右,False,False,スタンダード
T07-F-20,7,F,20,右,False,False,スタンダード
T07-G-03,7,G,3,左,False,False,スタンダード
T07-G-04,7,G,4,左,True,False,スタンダード
T07-G-06,7,G,6,中央,True,False,プレミアム
T07-G-07,7,G,7,中央,False,False,プレミアム
T07-G-08,7,G,8,中央,False,False,プレミアム
T07-G-09,7,G,9,中央,False,False,プレミアム
T07-G-10,7,G,10,中央,False,False,プレミアム
T07-G-11,7,G,11,中央,False,False,プレミアム
T07-G-12,7,G,12,中央,False,False,プレミアム
T07-G-13,7,G,13,中央,False,False,プレミアム
T07-G-14,7,G,14,中央,True,False,プレミアム
T07-G-17,7,G,17,右,True,False,スタンダード
T07-G-18,7,G,18,右,False,False,スタンダード
T07-G-19,7,G,19,右,False,False,スタンダード
T07-G-20,7,G,20,右,False,False,スタンダード
T07-H-03,7,H,3,左,False,False,スタンダード
T07-H-04,7,H,4,左,True,False,スタンダード
T07-H-06,7,H,6,中央,True,False,プレミアム
T07-H-07,7,H,7,中央,False,False,プレミアム
T07-H-08,7,H,8,中央,False,False,プレミアム
T07-H-09,7,H,9,中央,False,False,プレミアム
T07-H-10,7,H,10,中央,False,False,プレミアム
T07-H-11,7,H,11,中央,False,False,プレミアム
T07-H-12,7,H,12,中央,False,False,プレミアム
T07-H-13,7,H,13,中央,False,False,プレミアム
T07-H-14,7,H,14,中央,True,False,プレミアム
T07-H-17,7,H,17,右,True,False,スタンダード
T07-H-18,7,H,18,右,False,False,スタンダード
T07-H-19,7,H,19,右,False,False,スタンダード
T07-H-20,7,H,20,右,False,False,スタンダード
T07-I-03,7,I,3,左,False,False,スタンダード
T07-I-04,7,I,4,左,True,False,スタンダード
T07-I-06,7,I,6,中央,True,False,プレミアム
T07-I-07,7,I,7,中央,False,False,プレミアム
T07-I-08,7,I,8,中央,False,False,プレミアム
T07-I-09,7,I,9,中央,False,False,プレミアム
T07-I-10,7,I,10,中央,False,False,プレミアム
T07-I-11,7,I,11,中央,False,False,プレミアム
T07-I-12,7,I,12,中央,False,False,プレミアム
T07-I-13,7,I,13,中央,False,False,プレミアム
T07-I-14,7,I,14,中央,True,False,プレミアム
T07-I-17,7,I,17,右,True,False,スタンダード
T07-I-18,7,I,18,右,False,False,スタンダード
T07-I-19,7,I,19,右,False,False,スタンダード
T07-I-20,7,I,20,右,False,False,スタンダード
T07-J-01,7,J,1,左,False,False,スタンダード
T07-J-02,7,J,2,左,False,False,スタンダード
T07-J-03,7,J,3,左,False,False,スタンダード
T07-J-04,7,J,4,左,True,False,スタンダード
T07-J-06,7,J,6,中央,True,False,プレミアム
T07-J-07,7,J,7,中央,False,False,プレミアム
T07-J-08,7,J,8,中央,False,False,プレミアム
T07-J-09,7,J,9,中央,False,False,プレミアム
T07-J-10,7,J,10,中央,False,False,プレミアム
T07-J-11,7,J,11,中央,False,False,プレミアム
T07-J-12,7,J,12,中央,False,False,プレミアム
T07-J-13,7,J,13,中央,False,False,プレミアム
T07-J-14,7,J,14,中央,True,False,プレミアム
T07-J-17,7,J,17,右,True,False,スタンダード
T07-J-18,7,J,18,右,False,False,スタンダード
T07-J-19,7,J,19,右,False,False,スタンダード
T07-J-20,7,J,20,右,False,False,スタンダード
T07-K-01,7,K,1,左,False,False,スタンダード
T07-K-02,7,K,2,左,False,False,スタンダード
T07-K-03,7,K,3,左,False,False,スタンダード
T07-K-04,7,K,4,左,True,False,スタンダード
T07-K-06,7,K,6,中央,True,False,プレミアム
T07-K-07,7,K,7,中央,False,False,プレミアム
T07-K-08,7,K,8,中央,False,False,プレミアム
T07-K-09,7,K,9,中央,False,False,プレミアム
T07-K-10,7,K,10,中央,False,False,プレミアム
T07-K-11,7,K,11,中央,False,False,プレミアム
T07-K-12,7,K,12,中央,False,False,プレミアム
T07-K-13,7,K,13,中央,False,False,プレミアム
T07-K-14,7,K,14,中央,True,False,プレミアム
T07-K-17,7,K,17,右,True,False,スタンダード
T07-K-18,7,K,18,右,False,False,スタンダード
T07-K-19,7,K,19,右,False,False,スタンダード
T07-K-20,7,K,20,右,False,False,スタンダード
T07-L-01,7,L,1,左,False,False,スタンダード
T07-L-02,7,L,2,左,False,False,スタンダード
T07-L-03,7,L,3,左,False,False,スタンダード
T07-L-04,7,L,4,左,False,False,スタンダード
T07-L-05,7,L,5,左,True,False,スタンダード
T07-L-06,7,L,6,中央,True,False,プレミアム
T07-L-07,7,L,7,中央,False,False,プレミアム
T07-L-08,7,L,8,中央,False,False,プレミアム
T07-L-09,7,L,9,中央,False,False,プレミアム
T07-L-10,7,L,10,中央,False,False,プレミアム
T07-L-11,7,L,11,中央,False,False,プレミアム
T07-L-12,7,L,12,中央,False,False,プレミアム
T07-L-13,7,L,13,中央,False,False,プレミアム
T07-L-14,7,L,14,中央,False,False,プレミアム
T07-L-15,7,L,15,中央,True,False,プレミアム
T07-L-16,7,L,16,右,True,False,スタンダード
T07-L-17,7,L,17,右,False,False,スタンダード
T07-L-18,7,L,18,右,False,False,スタンダード
T07-L-19,7,L,19,右,False,False,スタンダード
T07-L-20,7,L,20,右,False,False,スタンダード
T08-A-05,8,A,5,中央,True,True,前方
T08-A-06,8,A,6,中央,False,False,前方
T08-A-07,8,A,7,中央,False,False,前方
T08-A-08,8,A,8,中央,False,False,前方
T08-A-09,8,A,9,中央,False,False,前方
T08-A-10,8,A,10,中央,False,False,前方
T08-A-11,8,A,11,中央,False,False,前方
T08-A-12,8,A,12,中央,False,False,前方
T08-A-13,8,A,13,中央,True,True,前方
T08-B-05,8,B,5,中央,True,False,前方
T08-B-06,8,B,6,中央,False,False,前方
T08-B-07,8,B,7,中央,False,False,前方
T08-B-08,8,B,8,中央,False,False,前方
T08-B-09,8,B,9,中央,False,False,前方
T08-B-10,8,B,10,中央,False,False,前方
T08-B-11,8,B,11,中央,False,False,前方
T08-B-12,8,B,12,中央,False,False,前方
T08-B-13,8,B,13,中央,False,False,前方
T08-B-14,8,B,14,中央,True,False,前方
T08-C-05,8,C,5,中央,True,False,プレミアム
T08-C-06,8,C,6,中央,False,False,プレミアム
T08-C-07,8,C,7,中央,False,False,プレミアム
T08-C-08,8,C,8,中央,False,False,プレミアム
T08-C-09,8,C,9,中央,False,False,プレミアム
T08-C-10,8,C,10,中央,False,False,プレミアム
T08-C-11,8,C,11,中央,False,False,プレミアム
T08-C-12,8,C,12,中央,False,False,プレミアム
T08-C-13,8,C,13,中央,False,False,プレミアム
T08-C-14,8,C,14,中央,True,False,プレミアム
T08-D-05,8,D,5,中央,True,False,プレミアム
T08-D-06,8,D,6,中央,False,False,プレミアム
T08-D-07,8,D,7,中央,False,False,プレミアム
T08-D-08,8,D,8,中央,False,False,プレミアム
T08-D-09,8,D,9,中央,False,False,プレミアム
T08-D-10,8,D,10,中央,False,False,プレミアム
T08-D-11,8,D,11,中央,False,False,プレミアム
T08-D-12,8,D,12,中央,False,False,プレミアム
T08-D-13,8,D,13,中央,False,False,プレミアム
T08-D-14,8,D,14,中央,True,False,プレミアム
T08-E-05,8,E,5,中央,True,False,プレミアム
T08-E-06,8,E,6,中央,False,False,プレミアム
T08-E-07,8,E,7,中央,False,False,プレミアム
T08-E-08,8,E,8,中央,False,False,プレミアム
T08-E-09,8,E,9,中央,False,False,プレミアム
T08-E-10,8,E,10,中央,False,False,プレミアム
T08-E-11,8,E,11,中央,False,False,プレミアム
T08-E-12,8,E,12,中央,False,False,プレミアム
T08-E-13,8,E,13,中央,False,False,プレミアム
T08-E-14,8,E,14,中央,True,False,プレミアム
T08-F-01,8,F,1,左,False,False,スタンダード
T08-F-02,8,F,2,左,True,False,スタンダード
T08-F-05,8,F,5,中央,True,False,プレミアム
T08-F-06,8,F,6,中央,False,False,プレミアム
T08-F-07,8,F,7,中央,False,False,プレミアム
T08-F-08,8,F,8,中央,False,False,プレミアム
T08-F-09,8,F,9,中央,False,False,プレミアム
T08-F-10,8,F,10,中央,False,False,プレミアム
T08-F-11,8,F,11,中央,False,False,プレミアム
T08-F-12,8,F,12,中央,False,False,プレミアム
T08-F-13,8,F,13,中央,False,False,プレミアム
T08-F-14,8,F,14,中央,True,False,プレミアム
T08-G-01,8,G,1,左,False,False,スタンダード
T08-G-02,8,G,2,左,False,False,スタンダード
T08-G-03,8,G,3,左,False,False,スタンダード
T08-G-04,8,G,4,左,True,False,スタンダード
T08-G-05,8,G,5,中央,True,False,プレミアム
T08-G-06,8,G,6,中央,False,False,プレミアム
T08-G-07,8,G,7,中央,False,False,プレミアム
T08-G-08,8,G,8,中央,False,False,プレミアム
T08-G-09,8,G,9,中央,False,False,プレミアム
T08-G-10,8,G,10,中央,False,False,プレミアム
T08-G-11,8,G,11,中央,False,False,プレミアム
T08-G-12,8,G,12,中央,False,False,プレミアム
T08-G-13,8,G,13,中央,False,False,プレミアム
T08-G-14,8,G,14,中央,False,False,プレミアム
T08-G-15,8,G,15,中央,True,False,プレミアム
T09-A-01,9,A,1,左,False,False,前方
T09-A-02,9,A,2,左,False,False,前方
T09-A-03,9,A,3,左,False,False,前方
T09-A-04,9,A,4,左,True,False,前方
T09-A-06,9,A,6,中央,True,False,前方
T09-A-07,9,A,7,中央,False,False,前方
T09-A-08,9,A,8,中央,False,False,前方
T09-A-09,9,A,9,中央,False,False,前方
T09-A-10,9,A,10,中央,False,False,前方
T09-A-11,9,A,11,中央,False,False,前方
T09-A-12,9,A,12,中央,False,False,前方
T09-A-13,9,A,13,中央,False,False,前方
T09-A-14,9,A,14,中央,True,False,前方
T09-A-17,9,A,17,右,True,False,前方
T09-A-18,9,A,18,右,False,False,前方
T09-A-19,9,A,19,右,False,False,前方
T09-A-20,9,A,20,右,False,False,前方
T09-B-01,9,B,1,左,False,False,前方
T09-B-02,9,B,2,左,False,False,前方
T09-B-03,9,B,3,左,False,False,前方
T09-B-04,9,B,4,左,True,False,前方
T09-B-06,9,B,6,中央,True,False,前方
T09-B-07,9,B,7,中央,False,False,前方
T09-B-08,9,B,8,中央,False,False,前方
T09-B-09,9,B,9,中央,False,False,前方
T09-B-10,9,B,10,中央,False,False,前方
T09-B-11,9,B,11,中央,False,False,前方
T09-B-12,9,B,12,中央,False,False,前方
T09-B-13,9,B,13,中央,False,False,前方
T09-B-14,9,B,14,中央,True,False,前方
T09-B-17,9,B,17,右,True,False,前方
T09-B-18,9,B,18,右,False,False,前方
T09-B-19,9,B,19,右,False,False,前方
T09-B-20,9,B,20,右,False,False,前方
T09-C-01,9,C,1,左,False,False,スタンダード
T09-C-02,9,C,2,左,False,False,スタンダード
T09-C-03,9,C,3,左,False,False,スタンダード
T09-C-04,9,C,4,左,True,False,スタンダード
T09-C-07,9,C,7,中央,True,True,スタンダード
T09-C-08,9,C,8,中央,False,False,スタンダード
T09-C-09,9,C,9,中央,False,False,スタンダード
T09-C-10,9,C,10,中央,False,False,スタンダード
T09-C-11,9,C,11,中央,False,False,スタンダード
T09-C-12,9,C,12,中央,False,False,スタンダード
T09-C-13,9,C,13,中央,False,False,スタンダード
T09-C-14,9,C,14,中央,True,True,スタンダード
T09-C-17,9,C,17,右,True,False,スタンダード
T09-C-18,9,C,18,右,False,False,スタンダード
T09-D-01,9,D,1,左,False,False,スタンダード
T09-D-02,9,D,2,左,False,False,スタンダード
T09-D-03,9,D,3,左,False,False,スタンダード
T09-D-04,9,D,4,左,True,False,スタンダード
T09-D-06,9,D,6,中央,True,False,プレミアム
T09-D-07,9,D,7,中央,False,False,プレミアム
T09-D-08,9,D,8,中央,False,False,プレミアム
T09-D-09,9,D,9,中央,False,False,プレミアム
T09-D-10,9,D,10,中央,False,False,プレミアム
T09-D-11,9,D,11,中央,False,False,プレミアム
T09-D-12,9,D,12,中央,False,False,プレミアム
T09-D-13,9,D,13,中央,False,False,プレミアム
T09-D-14,9,D,14,中央,True,False,プレミアム
T09-D-17,9,D,17,右,True,False,スタンダード
T09-D-18,9,D,18,右,False,False,スタンダード
T09-E-01,9,E,1,左,False,False,スタンダード
T09-E-02,9,E,2,左,False,False,スタンダード
T09-E-03,9,E,3,左,False,False,スタンダード
T09-E-04,9,E,4,左,True,False,スタンダード
T09-E-06,9,E,6,中央,True,False,プレミアム
T09-E-07,9,E,7,中央,False,False,プレミアム
T09-E-08,9,E,8,中央,False,False,プレミアム
T09-E-09,9,E,9,中央,False,False,プレミアム
T09-E-10,9,E,10,中央,False,False,プレミアム
T09-E-11,9,E,11,中央,False,False,プレミアム
T09-E-12,9,E,12,中央,False,False,プレミアム
T09-E-13,9,E,13,中央,False,False,プレミアム
T09-E-14,9,E,14,中央,True,False,プレミアム
T09-E-17,9,E,17,右,True,False,スタンダード
T09-E-18,9,E,18,右,False,False,スタンダード
T09-F-01,9,F,1,左,False,False,スタンダード
T09-F-02,9,F,2,左,False,False,スタンダード
T09-F-03,9,F,3,左,False,False,スタンダード
T09-F-04,9,F,4,左,True,False,スタンダード
T09-F-06,9,F,6,中央,True,False,プレミアム
T09-F-07,9,F,7,中央,False,False,プレミアム
T09-F-08,9,F,8,中央,False,False,プレミアム
T09-F-09,9,F,9,中央,False,False,プレミアム
T09-F-10,9,F,10,中央,False,False,プレミアム
T09-F-11,9,F,11,中央,False,False,プレミアム
T09-F-12,9,F,12,中央,False,False,プレミアム
T09-F-13,9,F,13,中央,False,False,プレミアム
T09-F-14,9,F,14,中央,True,False,プレミアム
T09-F-17,9,F,17,右,True,False,スタンダード
T09-F-18,9,F,18,右,False,False,スタンダード
T09-G-01,9,G,1,左,False,False,スタンダード
T09-G-02,9,G,2,左,False,False,スタンダード
T09-G-03,9,G,3,左,False,False,スタンダード
T09-G-04,9,G,4,左,True,False,スタンダード
T09-G-06,9,G,6,中央,True,False,プレミアム
T09-G-07,9,G,7,中央,False,False,プレミアム
T09-G-08,9,G,8,中央,False,False,プレミアム
T09-G-09,9,G,9,中央,False,False,プレミアム
T09-G-10,9,G,10,中央,False,False,プレミアム
T09-G-11,9,G,11,中央,False,False,プレミアム
T09-G-12,9,G,12,中央,False,False,プレミアム
T09-G-13,9,G,13,中央,False,False,プレミアム
T09-G-14,9,G,14,中央,True,False,プレミアム
T09-G-17,9,G,17,右,True,False,スタンダード
T09-G-18,9,G,18,右,False,False,スタンダード
T09-H-01,9,H,1,左,False,False,スタンダード
T09-H-02,9,H,2,左,False,False,スタンダード
T09-H-03,9,H,3,左,False,False,スタンダード
T09-H-04,9,H,4,左,True,False,スタンダード
T09-H-06,9,H,6,中央,True,False,プレミアム
T09-H-07,9,H,7,中央,False,False,プレミアム
T09-H-08,9,H,8,中央,False,False,プレミアム
T09-H-09,9,H,9,中央,False,False,プレミアム
T09-H-10,9,H,10,中央,False,False,プレミアム
T09-H-11,9,H,11,中央,False,False,プレミアム
T09-H-12,9,H,12,中央,False,False,プレミアム
T09-H-13,9,H,13,中央,False,False,プレミアム
T09-H-14,9,H,14,中央,True,False,プレミアム
T09-H-17,9,H,17,右,True,False,スタンダード
T09-H-18,9,H,18,右,False,False,スタンダード
T09-H-19,9,H,19,右,False,False,スタンダード
T09-H-20,9,H,20,右,False,False,スタンダード
T09-I-01,9,I,1,左,False,False,スタンダード
T09-I-02,9,I,2,左,False,False,スタンダード
T09-I-03,9,I,3,左,False,False,スタンダード
T09-I-04,9,I,4,左,True,False,スタンダード
T09-I-06,9,I,6,中央,True,False,プレミアム
T09-I-07,9,I,7,中央,False,False,プレミアム
T09-I-08,9,I,8,中央,False,False,プレミアム
T09-I-09,9,I,9,中央,False,False,プレミアム
T09-I-10,9,I,10,中央,False,False,プレミアム
T09-I-11,9,I,11,中央,False,False,プレミアム
T09-I-12,9,I,12,中央,False,False,プレミアム
T09-I-13,9,I,13,中央,False,False,プレミアム
T09-I-14,9,I,14,中央,True,False,プレミアム
T09-I-17,9,I,17,右,True,False,スタンダード
T09-I-18,9,I,18,右,False,False,スタンダード
T09-I-19,9,I,19,右,False,False,スタンダード
T09-I-20,9,I,20,右,False,False,スタンダード
T09-J-01,9,J,1,左,False,False,スタンダード
T09-J-02,9,J,2,左,False,False,スタンダード
T09-J-03,9,J,3,左,False,False,スタンダード
T09-J-04,9,J,4,左,False,False,スタンダード
T09-J-05,9,J,5,左,True,False,スタンダード
T09-J-06,9,J,6,中央,True,False,プレミアム
T09-J-07,9,J,7,中央,False,False,プレミアム
T09-J-08,9,J,8,中央,False,False,プレミアム
T09-J-09,9,J,9,中央,False,False,プレミアム
T09-J-10,9,J,10,中央,False,False,プレミアム
T09-J-11,9,J,11,中央,False,False,プレミアム
T09-J-12,9,J,12,中央,False,False,プレミアム
T09-J-13,9,J,13,中央,False,False,プレミアム
T09-J-14,9,J,14,中央,False,False,プレミアム
T09-J-15,9,J,15,中央,False,False,プレミアム
T09-J-16,9,J,16,中央,True,False,プレミアム
T09-J-17,9,J,17,右,True,False,スタンダード
T09-J-18,9,J,18,右,False,False,スタンダード
T09-J-19,9,J,19,右,False,False,スタンダード
T09-J-20,9,J,20,右,False,False,スタンダード
T10-A-01,10,A,1,左,False,False,前方
T10-A-02,10,A,2,左,False,False,前方
T10-A-03,10,A,3,左,False,False,前方
T10-A-04,10,A,4,左,True,False,前方
T10-A-07,10,A,7,中央,True,False,前方
T10-A-08,10,A,8,中央,False,False,前方
T10-A-09,10,A,9,中央,False,False,前方
T10-A-10,10,A,10,中央,False,False,前方
T10-A-11,10,A,11,中央,False,False,前方
T10-A-12,10,A,12,中央,False,False,前方
T10-A-13,10,A,13,中央,False,False,前方
T10-A-14,10,A,14,中央,False,False,前方
T10-A-15,10,A,15,中央,False,False,前方
T10-A-16,10,A,16,中央,False,False,前方
T10-A-17,10,A,17,中央,False,False,前方
T10-A-18,10,A,18,中央,False,False,前方
T10-A-19,10,A,19,中央,False,False,前方
T10-A-20,10,A,20,中央,True,False,前方
T10-A-23,10,A,23,右,True,False,前方
T10-A-24,10,A,24,右,False,False,前方
T10-A-25,10,A,25,右,False,False,前方
T10-A-26,10,A,26,右,False,False,前方
T10-B-01,10,B,1,左,False,False,前方
T10-B-02,10,B,2,左,False,False,前方
T10-B-03,10,B,3,左,False,False,前方
T10-B-04,10,B,4,左,True,False,前方
T10-B-07,10,B,7,中央,True,False,前方
T10-B-08,10,B,8,中央,False,False,前方
T10-B-09,10,B,9,中央,False,False,前方
T10-B-10,10,B,10,中央,False,False,前方
T10-B-11,10,B,11,中央,False,False,前方
T10-B-12,10,B,12,中央,False,False,前方
T10-B-13,10,B,13,中央,False,False,前方
T10-B-14,10,B,14,中央,False,False,前方
T10-B-15,10,B,15,中央,False,False,前方
T10-B-16,10,B,16,中央,False,False,前方
T10-B-17,10,B,17,中央,False,False,前方
T10-B-18,10,B,18,中央,False,False,前方
T10-B-19,10,B,19,中央,False,False,前方
T10-B-20,10,B,20,中央,True,False,前方
T10-B-23,10,B,23,右,True,False,前方
T10-B-24,10,B,24,右,False,False,前方
T10-B-25,10,B,25,右,False,False,前方
T10-B-26,10,B,26,右,False,False,前方
T10-C-01,10,C,1,左,False,False,スタンダード
T10-C-02,10,C,2,左,False,False,スタンダード
T10-C-03,10,C,3,左,False,False,スタンダード
T10-C-04,10,C,4,左,True,False,スタンダード
T10-C-07,10,C,7,中央,True,False,スタンダード
T10-C-08,10,C,8,中央,False,False,スタンダード
T10-C-09,10,C,9,中央,False,False,スタンダード
T10-C-10,10,C,10,中央,False,False,スタンダード
T10-C-11,10,C,11,中央,False,False,スタンダード
T10-C-12,10,C,12,中央,False,False,スタンダード
T10-C-13,10,C,13,中央,False,False,スタンダード
T10-C-14,10,C,14,中央,False,False,スタンダード
T10-C-15,10,C,15,中央,False,False,スタンダード
T10-C-16,10,C,16,中央,False,False,スタンダード
T10-C-17,10,C,17,中央,False,False,スタンダード
T10-C-18,10,C,18,中央,False,False,スタンダード
T10-C-19,10,C,19,中央,False,False,スタンダード
T10-C-20,10,C,20,中央,True,False,スタンダード
T10-C-23,10,C,23,右,True,False,スタンダード
T10-C-24,10,C,24,右,False,False,スタンダード
T10-C-25,10,C,25,右,False,False,スタンダード
T10-C-26,10,C,26,右,False,False,スタンダード
T10-D-01,10,D,1,左,False,False,スタンダード
T10-D-02,10,D,2,左,False,False,スタンダード
T10-D-03,10,D,3,左,False,False,スタンダード
T10-D-04,10,D,4,左,True,False,スタンダード
T10-D-07,10,D,7,中央,True,False,スタンダード
T10-D-08,10,D,8,中央,False,False,スタンダード
T10-D-09,10,D,9,中央,False,False,スタンダード
T10-D-10,10,D,10,中央,False,False,スタンダード
T10-D-11,10,D,11,中央,False,False,スタンダード
T10-D-12,10,D,12,中央,False,False,スタンダード
T10-D-13,10,D,13,中央,False,False,スタンダード
T10-D-14,10,D,14,中央,False,False,スタンダード
T10-D-15,10,D,15,中央,False,False,スタンダード
T10-D-16,10,D,16,中央,False,False,スタンダード
T10-D-17,10,D,17,中央,False,False,スタンダード
T10-D-18,10,D,18,中央,False,False,スタンダード
T10-D-19,10,D,19,中央,False,False,スタンダード
T10-D-20,10,D,20,中央,True,False,スタンダード
T10-D-23,10,D,23,右,True,False,スタンダード
T10-D-24,10,D,24,右,False,False,スタンダード
T10-D-25,10,D,25,右,False,False,スタンダード
T10-D-26,10,D,26,右,False,False,スタンダード
T10-E-01,10,E,1,左,False,False,スタンダード
T10-E-02,10,E,2,左,False,False,スタンダード
T10-E-03,10,E,3,左,False,False,スタンダード
T10-E-04,10,E,4,左,True,False,スタンダード
T10-E-07,10,E,7,中央,True,False,スタンダード
T10-E-08,10,E,8,中央,False,False,スタンダード
T10-E-09,10,E,9,中央,False,False,スタンダード
T10-E-10,10,E,10,中央,False,False,スタンダード
T10-E-11,10,E,11,中央,False,False,スタンダード
T10-E-12,10,E,12,中央,False,False,スタンダード
T10-E-13,10,E,13,中央,False,False,スタンダード
T10-E-14,10,E,14,中央,False,False,スタンダード
T10-E-15,10,E,15,中央,False,False,スタンダード
T10-E-16,10,E,16,中央,False,False,スタンダード
T10-E-17,10,E,17,中央,False,False,スタンダード
T10-E-18,10,E,18,中央,False,False,スタンダード
T10-E-19,10,E,19,中央,False,False,スタンダード
T10-E-20,10,E,20,中央,True,False,スタンダード
T10-E-23,10,E,23,右,True,False,スタンダード
T10-E-24,10,E,24,右,False,False,スタンダード
T10-E-25,10,E,25,右,False,False,スタンダード
T10-E-26,10,E,26,右,False,False,スタンダード
T10-F-01,10,F,1,左,False,False,スタンダード
T10-F-02,10,F,2,左,False,False,スタンダード
T10-F-03,10,F,3,左,False,False,スタンダード
T10-F-04,10,F,4,左,True,False,スタンダード
T10-F-07,10,F,7,中央,True,False,プレミアム
T10-F-08,10,F,8,中央,False,False,プレミアム
T10-F-09,10,F,9,中央,False,False,プレミアム
T10-F-10,10,F,10,中央,False,False,プレミアム
T10-F-11,10,F,11,中央,False,False,プレミアム
T10-F-12,10,F,12,中央,False,False,プレミアム
T10-F-13,10,F,13,中央,False,False,プレミアム
T10-F-14,10,F,14,中央,False,False,プレミアム
T10-F-15,10,F,15,中央,False,False,プレミアム
T10-F-16,10,F,16,中央,False,False,プレミアム
T10-F-17,10,F,17,中央,False,False,プレミアム
T10-F-18,10,F,18,中央,False,False,プレミアム
T10-F-19,10,F,19,中央,False,False,プレミアム
T10-F-20,10,F,20,中央,True,False,プレミアム
T10-F-23,10,F,23,右,True,False,スタンダード
T10-F-24,10,F,24,右,False,False,スタンダード
T10-F-25,10,F,25,右,False,False,スタンダード
T10-F-26,10,F,26,右,False,False,スタンダード
T10-G-03,10,G,3,左,False,False,スタンダード
T10-G-04,10,G,4,左,True,False,スタンダード
T10-G-07,10,G,7,中央,True,True,プレミアム
T10-G-08,10,G,8,中央,False,False,プレミアム
T10-G-09,10,G,9,中央,False,False,プレミアム
T10-G-10,10,G,10,中央,False,False,プレミアム
T10-G-11,10,G,11,中央,False,False,プレミアム
T10-G-12,10,G,12,中央,False,False,プレミアム
T10-G-13,10,G,13,中央,False,False,プレミアム
T10-G-14,10,G,14,中央,False,False,プレミアム
T10-G-15,10,G,15,中央,False,False,プレミアム
T10-G-16,10,G,16,中央,False,False,プレミアム
T10-G-17,10,G,17,中央,False,False,プレミアム
T10-G-18,10,G,18,中央,False,False,プレミアム
T10-G-19,10,G,19,中央,True,True,プレミアム
T10-G-23,10,G,23,右,True,False,スタンダード
T10-G-24,10,G,24,右,False,False,スタンダード
T10-H-03,10,H,3,左,False,False,スタンダード
T10-H-04,10,H,4,左,True,False,スタンダード
T10-H-07,10,H,7,中央,True,False,プレミアム
T10-H-08,10,H,8,中央,False,False,プレミアム
T10-H-09,10,H,9,中央,False,False,プレミアム
T10-H-10,10,H,10,中央,False,False,プレミアム
T10-H-11,10,H,11,中央,False,False,プレミアム
T10-H-12,10,H,12,中央,False,False,プレミアム
T10-H-13,10,H,13,中央,False,False,プレミアム
T10-H-14,10,H,14,中央,False,False,プレミアム
T10-H-15,10,H,15,中央,False,False,プレミアム
T10-H-16,10,H,16,中央,False,False,プレミアム
T10-H-17,10,H,17,中央,False,False,プレミアム
T10-H-18,10,H,18,中央,False,False,プレミアム
T10-H-19,10,H,19,中央,False,False,プレミアム
T10-H-20,10,H,20,中央,True,False,プレミアム
T10-H-23,10,H,23,右,True,False,スタンダード
T10-H-24,10,H,24,右,False,False,スタンダード
T10-I-03,10,I,3,左,False,False,スタンダード
T10-I-04,10,I,4,左,True,False,スタンダード
T10-I-07,10,I,7,中央,True,False,プレミアム
T10-I-08,10,I,8,中央,False,False,プレミアム
T10-I-09,10,I,9,中央,False,False,プレミアム
T10-I-10,10,I,10,中央,False,False,プレミアム
T10-I-11,10,I,11,中央,False,False,プレミアム
T10-I-12,10,I,12,中央,False,False,プレミアム
T10-I-13,10,I,13,中央,False,False,プレミアム
T10-I-14,10,I,14,中央,False,False,プレミアム
T10-I-15,10,I,15,中央,False,False,プレミアム
T10-I-16,10,I,16,中央,False,False,プレミアム
T10-I-17,10,I,17,中央,False,False,プレミアム
T10-I-18,10,I,18,中央,False,False,プレミアム
T10-I-19,10,I,19,中央,False,False,プレミアム
T10-I-20,10,I,20,中央,True,False,プレミアム
T10-I-23,10,I,23,右,True,False,スタンダード
T10-I-24,10,I,24,右,False,False,スタンダード
T10-J-03,10,J,3,左,False,False,スタンダード
T10-J-04,10,J,4,左,True,False,スタンダード
T10-J-07,10,J,7,中央,True,False,プレミアム
T10-J-08,10,J,8,中央,False,False,プレミアム
T10-J-09,10,J,9,中央,False,False,プレミアム
T10-J-10,10,J,10,中央,False,False,プレミアム
T10-J-11,10,J,11,中央,False,False,プレミアム
T10-J-12,10,J,12,中央,False,False,プレミアム
T10-J-13,10,J,13,中央,False,False,プレミアム
T10-J-14,10,J,14,中央,False,False,プレミアム
T10-J-15,10,J,15,中央,False,False,プレミアム
T10-J-16,10,J,16,中央,False,False,プレミアム
T10-J-17,10,J,17,中央,False,False,プレミアム
T10-J-18,10,J,18,中央,False,False,プレミアム
T10-J-19,10,J,19,中央,False,False,プレミアム
T10-J-20,10,J,20,中央,True,False,プレミアム
T10-J-23,10,J,23,右,True,False,スタンダード
T10-J-24,10,J,24,右,False,False,スタンダード
T10-K-03,10,K,3,左,False,False,スタンダード
T10-K-04,10,K,4,左,True,False,スタンダード
T10-K-07,10,K,7,中央,True,False,プレミアム
T10-K-08,10,K,8,中央,False,False,プレミアム
T10-K-09,10,K,9,中央,False,False,プレミアム
T10-K-10,10,K,10,中央,False,False,プレミアム
T10-K-11,10,K,11,中央,False,False,プレミアム
T10-K-12,10,K,12,中央,False,False,プレミアム
T10-K-13,10,K,13,中央,False,False,プレミアム
T10-K-14,10,K,14,中央,False,False,プレミアム
T10-K-15,10,K,15,中央,False,False,プレミアム
T10-K-16,10,K,16,中央,False,False,プレミアム
T10-K-17,10,K,17,中央,False,False,プレミアム
T10-K-18,10,K,18,中央,False,False,プレミアム
T10-K-19,10,K,19,中央,False,False,プレミアム
T10-K-20,10,K,20,中央,True,False,プレミアム
T10-K-23,10,K,23,右,True,False,スタンダード
T10-K-24,10,K,24,右,False,False,スタンダード
T10-K-25,10,K,25,右,False,False,スタンダード
T10-K-26,10,K,26,右,False,False,スタンダード
T10-L-03,10,L,3,左,False,False,スタンダード
T10-L-04,10,L,4,左,True,False,スタンダード
T10-L-07,10,L,7,中央,True,False,プレミアム
T10-L-08,10,L,8,中央,False,False,プレミアム
T10-L-09,10,L,9,中央,False,False,プレミアム
T10-L-10,10,L,10,中央,False,False,プレミアム
T10-L-11,10,L,11,中央,False,False,プレミアム
T10-L-12,10,L,12,中央,False,False,プレミアム
T10-L-13,10,L,13,中央,False,False,プレミアム
T10-L-14,10,L,14,中央,False,False,プレミアム
T10-L-15,10,L,15,中央,False,False,プレミアム
T10-L-16,10,L,16,中央,False,False,プレミアム
T10-L-17,10,L,17,中央,False,False,プレミアム
T10-L-18,10,L,18,中央,False,False,プレミアム
T10-L-19,10,L,19,中央,False,False,プレミアム
T10-L-20,10,L,20,中央,True,False,プレミアム
T10-L-23,10,L,23,右,True,False,スタンダード
T10-L-24,10,L,24,右,False,False,スタンダード
T10-L-25,10,L,25,右,False,False,スタンダード
T10-L-26,10,L,26,右,False,False,スタンダード
T10-M-01,10,M,1,左,False,False,スタンダード
T10-M-02,10,M,2,左,False,False,スタンダード
T10-M-03,10,M,3,左,False,False,スタンダード
T10-M-04,10,M,4,左,True,False,スタンダード
T10-M-07,10,M,7,中央,True,False,プレミアム
T10-M-08,10,M,8,中央,False,False,プレミアム
T10-M-09,10,M,9,中央,False,False,プレミアム
T10-M-10,10,M,10,中央,False,False,プレミアム
T10-M-11,10,M,11,中央,False,False,プレミアム
T10-M-12,10,M,12,中央,False,False,プレミアム
T10-M-13,10,M,13,中央,False,False,プレミアム
T10-M-14,10,M,14,中央,False,False,プレミアム
T10-M-15,10,M,15,中央,False,False,プレミアム
T10-M-16,10,M,16,中央,False,False,プレミアム
T10-M-17,10,M,17,中央,False,False,プレミアム
T10-M-18,10,M,18,中央,False,False,プレミアム
T10-M-19,10,M,19,中央,False,False,プレミアム
T10-M-20,10,M,20,中央,True,False,プレミアム
T10-M-23,10,M,23,右,True,False,スタンダード
T10-M-24,10,M,24,右,False,False,スタンダード
T10-M-25,10,M,25,右,False,False,スタンダード
T10-M-26,10,M,26,右,False,False,スタンダード
T10-N-01,10,N,1,左,False,False,スタンダード
T10-N-02,10,N,2,左,False,False,スタンダード
T10-N-03,10,N,3,左,False,False,スタンダード
T10-N-04,10,N,4,左,True,False,スタンダード
T10-N-07,10,N,7,中央,True,False,プレミアム
T10-N-08,10,N,8,中央,False,False,プレミアム
T10-N-09,10,N,9,中央,False,False,プレミアム
T10-N-10,10,N,10,中央,False,False,プレミアム
T10-N-11,10,N,11,中央,False,False,プレミアム
T10-N-12,10,N,12,中央,False,False,プレミアム
T10-N-13,10,N,13,中央,False,False,プレミアム
T10-N-14,10,N,14,中央,False,False,プレミアム
T10-N-15,10,N,15,中央,False,False,プレミアム
T10-N-16,10,N,16,中央,False,False,プレミアム
T10-N-17,10,N,17,中央,False,False,プレミアム
T10-N-18,10,N,18,中央,False,False,プレミアム
T10-N-19,10,N,19,中央,False,False,プレミアム
T10-N-20,10,N,20,中央,True,False,プレミアム
T10-N-23,10,N,23,右,True,False,スタンダード
T10-N-24,10,N,24,右,False,False,スタンダード
T10-N-25,10,N,25,右,False,False,スタンダード
T10-N-26,10,N,26,右,False,False,スタンダード
T10-O-01,10,O,1,左,False,False,スタンダード
T10-O-02,10,O,2,左,False,False,スタンダード
T10-O-03,10,O,3,左,False,False,スタンダード
T10-O-04,10,O,4,左,False,False,スタンダード
T10-O-05,10,O,5,左,False,False,スタンダード
T10-O-06,10,O,6,左,True,False,スタンダード
T10-O-07,10,O,7,中央,True,False,プレミアム
T10-O-08,10,O,8,中央,False,False,プレミアム
T10-O-09,10,O,9,中央,False,False,プレミアム
T10-O-10,10,O,10,中央,False,False,プレミアム
T10-O-11,10,O,11,中央,False,False,プレミアム
T10-O-12,10,O,12,中央,False,False,プレミアム
T10-O-13,10,O,13,中央,False,False,プレミアム
T10-O-14,10,O,14,中央,False,False,プレミアム
T10-O-15,10,O,15,中央,False,False,プレミアム
T10-O-16,10,O,16,中央,False,False,プレミアム
T10-O-17,10,O,17,中央,False,False,プレミアム
T10-O-18,10,O,18,中央,False,False,プレミアム
T10-O-19,10,O,19,中央,False,False,プレミアム
T10-O-20,10,O,20,中央,False,False,プレミアム
T10-O-21,10,O,21,中央,True,False,プレミアム
T10-O-22,10,O,22,右,True,False,スタンダード
T10-O-23,10,O,23,右,False,False,スタンダード
T10-O-24,10,O,24,右,False,False,スタンダード
T10-O-25,10,O,25,右,False,False,スタンダード
T10-O-26,10,O,26,右,False,False,スタンダード
